<?xml version="1.0" encoding="UTF-8"?>
<kml xmlns="http://www.opengis.net/kml/2.2">
<Document><name>ตัวอย่างแม่น้ำคดเคี้ยว (มีค่าระดับ)</name><description>ความยาวลำน้ำ 20.40 กม. | ระยะทางเส้นตรง 12.00 กม. | ความคดเคี้ยว 1.70 | B=60 ม. Hb=5 ม. n=0.03</description>
  <Placemark><name>แนวร่องน้ำ (ท้องน้ำ)</name>
   <ExtendedData><Data name="floodsim_role"><value>centerline</value></Data></ExtendedData><Style><LineStyle><color>ffff8a2a</color><width>2</width></LineStyle></Style>
   <LineString><tessellate>1</tessellate><altitudeMode>clampToGround</altitudeMode>
    <coordinates>100.5500000,14.3500000,8.60 100.5502351,14.3500269,8.60 100.5504561,14.3501089,8.59 100.5506510,14.3502391,8.59 100.5508116,14.3504076,8.58 100.5509347,14.3506034,8.58 100.5510219,14.3508166,8.57 100.5510783,14.3510394,8.57 100.5511114,14.3512664,8.56 100.5511303,14.3514950,8.56 100.5511447,14.3517239,8.55 100.5511643,14.3519525,8.55 100.5511990,14.3521793,8.55 100.5512575,14.3524015,8.54 100.5513474,14.3526137,8.54 100.5514736,14.3528077,8.53 100.5516371,14.3529736,8.53 100.5518343,14.3531003,8.52 100.5520570,14.3531782,8.52 100.5522925,14.3532012,8.51 100.5525277,14.3531758,8.51 100.5527548,14.3531110,8.51 100.5529672,14.3530098,8.50 100.5531597,14.3528763,8.50 100.5533287,14.3527157,8.49 100.5534725,14.3525336,8.49 100.5535911,14.3523351,8.48 100.5536860,14.3521250,8.48 100.5537602,14.3519072,8.47 100.5538175,14.3516847,8.47 100.5538623,14.3514596,8.46 100.5538996,14.3512331,8.46 100.5539345,14.3510063,8.46 100.5539721,14.3507799,8.45 100.5540175,14.3505548,8.45 100.5540757,14.3503325,8.44 100.5541510,14.3501151,8.44 100.5542473,14.3499056,8.43 100.5543674,14.3497080,8.43 100.5545127,14.3495269,8.42 100.5546832,14.3493679,8.42 100.5548770,14.3492362,8.42 100.5550904,14.3491370,8.41 100.5553182,14.3490745,8.41 100.5555537,14.3490516,8.40 100.5557894,14.3490731,8.40 100.5560152,14.3491418,8.39 100.5562220,14.3492534,8.39 100.5564028,14.3494014,8.38 100.5565536,14.3495782,8.38 100.5566734,14.3497760,8.37 100.5567639,14.3499879,8.37 100.5568289,14.3502084,8.37 100.5568740,14.3504335,8.36 100.5569055,14.3506608,8.36 100.5569303,14.3508889,8.35 100.5569558,14.3511169,8.35 100.5569890,14.3513439,8.34 100.5570369,14.3515685,8.34 100.5571056,14.3517879,8.33 100.5572006,14.3519980,8.33 100.5573253,14.3521929,8.33 100.5574811,14.3523656,8.32 100.5576664,14.3525083,8.32 100.5578768,14.3526134,8.31 100.5581049,14.3526747,8.31 100.5583410,14.3526903,8.30 100.5585768,14.3526698,8.30 100.5588084,14.3526226,8.29 100.5590329,14.3525497,8.29 100.5592475,14.3524530,8.28 100.5594502,14.3523346,8.28 100.5596396,14.3521971,8.28 100.5598149,14.3520430,8.27 100.5599761,14.3518750,8.27 100.5601238,14.3516958,8.26 100.5602592,14.3515077,8.26 100.5603839,14.3513127,8.25 100.5605000,14.3511129,8.25 100.5606099,14.3509098,8.24 100.5607162,14.3507049,8.24 100.5608216,14.3504995,8.24 100.5609287,14.3502951,8.23 100.5610404,14.3500928,8.23 100.5611590,14.3498944,8.22 100.5612869,14.3497014,8.22 100.5614261,14.3495159,8.21 100.5615780,14.3493401,8.21 100.5617438,14.3491763,8.20 100.5619237,14.3490273,8.20 100.5621175,14.3488956,8.19 100.5623242,14.3487839,8.19 100.5625423,14.3486947,8.19 100.5627693,14.3486299,8.18 100.5630027,14.3485912,8.18 100.5632392,14.3485816,8.17 100.5634732,14.3486158,8.17 100.5636921,14.3487030,8.16 100.5638848,14.3488362,8.16 100.5640446,14.3490055,8.15 100.5641693,14.3492004,8.15 100.5642614,14.3494117,8.15 100.5643266,14.3496321,8.14 100.5643731,14.3498570,8.14 100.5644101,14.3500835,8.13 100.5644474,14.3503099,8.13 100.5644949,14.3505346,8.12 100.5645617,14.3507546,8.12 100.5646559,14.3509650,8.11 100.5647830,14.3511584,8.11 100.5649451,14.3513256,8.10 100.5651399,14.3514559,8.10 100.5653602,14.3515397,8.10 100.5655949,14.3515700,8.09 100.5658296,14.3515401,8.09 100.5660467,14.3514489,8.08 100.5662312,14.3513052,8.08 100.5663737,14.3511220,8.07 100.5664714,14.3509131,8.07 100.5665274,14.3506903,8.06 100.5665491,14.3504620,8.06 100.5665465,14.3502326,8.06 100.5665307,14.3500038,8.05 100.5665131,14.3497751,8.05 100.5665055,14.3495459,8.04 100.5665191,14.3493170,8.04 100.5665642,14.3490919,8.03 100.5666492,14.3488778,8.03 100.5667786,14.3486858,8.02 100.5669516,14.3485292,8.02 100.5671606,14.3484216,8.01 100.5673920,14.3483734,8.01 100.5676285,14.3483836,8.01 100.5678570,14.3484433,8.00 100.5680683,14.3485467,8.00 100.5682554,14.3486871,7.99 100.5684147,14.3488567,7.99 100.5685459,14.3490476,7.98 100.5686516,14.3492528,7.98 100.5687369,14.3494668,7.97 100.5688084,14.3496854,7.97 100.5688736,14.3499058,7.97 100.5689404,14.3501258,7.96 100.5690167,14.3503429,7.96 100.5691097,14.3505538,7.95 100.5692254,14.3507539,7.95 100.5693679,14.3509369,7.94 100.5695389,14.3510955,7.94 100.5697367,14.3512216,7.93 100.5699561,14.3513077,7.93 100.5701891,14.3513480,7.92 100.5704258,14.3513437,7.92 100.5706584,14.3513011,7.92 100.5708814,14.3512245,7.91 100.5710905,14.3511168,7.91 100.5712823,14.3509824,7.90 100.5714552,14.3508259,7.90 100.5716094,14.3506518,7.89 100.5717462,14.3504647,7.89 100.5718683,14.3502682,7.88 100.5719795,14.3500658,7.88 100.5720841,14.3498600,7.88 100.5721867,14.3496534,7.87 100.5722921,14.3494480,7.87 100.5724050,14.3492465,7.86 100.5725296,14.3490515,7.86 100.5726695,14.3488665,7.85 100.5728270,14.3486954,7.85 100.5730036,14.3485426,7.84 100.5731987,14.3484128,7.84 100.5734107,14.3483106,7.83 100.5736359,14.3482401,7.83 100.5738697,14.3482041,7.83 100.5741064,14.3482055,7.82 100.5743393,14.3482467,7.82 100.5745611,14.3483267,7.81 100.5747655,14.3484424,7.81 100.5749474,14.3485891,7.80 100.5751035,14.3487615,7.80 100.5752318,14.3489542,7.79 100.5753324,14.3491618,7.79 100.5754064,14.3493797,7.79 100.5754563,14.3496038,7.78 100.5754854,14.3498314,7.78 100.5754977,14.3500604,7.77 100.5754975,14.3502898,7.77 100.5754892,14.3505190,7.76 100.5754775,14.3507480,7.76 100.5754670,14.3509771,7.75 100.5754624,14.3512064,7.75 100.5754682,14.3514356,7.74 100.5754888,14.3516641,7.74 100.5755284,14.3518902,7.74 100.5755906,14.3521115,7.73 100.5756784,14.3523245,7.73 100.5757934,14.3525249,7.72 100.5759365,14.3527076,7.72 100.5761065,14.3528672,7.71 100.5763007,14.3529982,7.71 100.5765150,14.3530956,7.70 100.5767435,14.3531556,7.70 100.5769793,14.3531754,7.70 100.5772150,14.3531536,7.69 100.5774426,14.3530906,7.69 100.5776550,14.3529894,7.68 100.5778464,14.3528545,7.68 100.5780129,14.3526915,7.67 100.5781526,14.3525064,7.67 100.5782654,14.3523047,7.66 100.5783531,14.3520917,7.66 100.5784189,14.3518714,7.65 100.5784668,14.3516469,7.65 100.5785017,14.3514201,7.65 100.5785289,14.3511922,7.64 100.5785538,14.3509642,7.64 100.5785819,14.3507365,7.63 100.5786186,14.3505099,7.63 100.5786691,14.3502859,7.62 100.5787381,14.3500665,7.62 100.5788297,14.3498551,7.61 100.5789468,14.3496557,7.61 100.5790908,14.3494737,7.61 100.5792615,14.3493149,7.60 100.5794566,14.3491850,7.60 100.5796719,14.3490897,7.59 100.5799013,14.3490332,7.59 100.5801374,14.3490172,7.58 100.5803732,14.3490377,7.58 100.5806037,14.3490897,7.57 100.5808249,14.3491715,7.57 100.5810331,14.3492806,7.56 100.5812259,14.3494137,7.56 100.5814018,14.3495671,7.56 100.5815604,14.3497374,7.55 100.5817024,14.3499208,7.55 100.5818294,14.3501144,7.54 100.5819437,14.3503152,7.54 100.5820482,14.3505210,7.53 100.5821462,14.3507297,7.53 100.5822413,14.3509397,7.52 100.5823373,14.3511493,7.52 100.5824377,14.3513570,7.52 100.5825461,14.3515609,7.51 100.5826656,14.3517588,7.51 100.5827989,14.3519484,7.50 100.5829480,14.3521264,7.50 100.5831142,14.3522898,7.49 100.5832976,14.3524348,7.49 100.5834973,14.3525578,7.48 100.5837116,14.3526554,7.48 100.5839373,14.3527245,7.47 100.5841706,14.3527628,7.47 100.5844073,14.3527662,7.47 100.5846397,14.3527226,7.46 100.5848547,14.3526266,7.46 100.5850417,14.3524860,7.45 100.5851944,14.3523108,7.45 100.5853112,14.3521113,7.44 100.5853949,14.3518968,7.44 100.5854513,14.3516741,7.43 100.5854885,14.3514476,7.43 100.5855158,14.3512198,7.43 100.5855429,14.3509920,7.42 100.5855795,14.3507654,7.42 100.5856349,14.3505425,7.41 100.5857172,14.3503275,7.41 100.5858325,14.3501272,7.40 100.5859836,14.3499507,7.40 100.5861692,14.3498083,7.39 100.5863832,14.3497102,7.39 100.5866151,14.3496642,7.38 100.5868515,14.3496752,7.38 100.5870775,14.3497433,7.38 100.5872793,14.3498632,7.37 100.5874469,14.3500252,7.37 100.5875748,14.3502181,7.36 100.5876628,14.3504310,7.36 100.5877142,14.3506549,7.35 100.5877357,14.3508833,7.35 100.5877355,14.3511126,7.34 100.5877226,14.3513416,7.34 100.5877066,14.3515704,7.34 100.5876968,14.3517995,7.33 100.5877027,14.3520288,7.33 100.5877331,14.3522562,7.32 100.5877959,14.3524773,7.32 100.5878967,14.3526848,7.31 100.5880378,14.3528689,7.31 100.5882174,14.3530183,7.30 100.5884284,14.3531222,7.30 100.5886595,14.3531720,7.29 100.5888962,14.3531700,7.29 100.5891286,14.3531267,7.29 100.5893511,14.3530483,7.28 100.5895587,14.3529381,7.28 100.5897479,14.3528004,7.27 100.5899171,14.3526399,7.27 100.5900659,14.3524616,7.26 100.5901959,14.3522699,7.26 100.5903097,14.3520689,7.25 100.5904110,14.3518616,7.25 100.5905042,14.3516508,7.25 100.5905941,14.3514386,7.24 100.5906856,14.3512271,7.24 100.5907836,14.3510184,7.23 100.5908927,14.3508149,7.23 100.5910168,14.3506196,7.22 100.5911590,14.3504363,7.22 100.5913212,14.3502692,7.21 100.5915037,14.3501232,7.21 100.5917054,14.3500031,7.20 100.5919233,14.3499135,7.20 100.5921529,14.3498580,7.20 100.5923889,14.3498392,7.19 100.5926245,14.3498612,7.19 100.5928515,14.3499262,7.18 100.5930621,14.3500308,7.18 100.5932502,14.3501701,7.17 100.5934113,14.3503381,7.17 100.5935435,14.3505284,7.16 100.5936466,14.3507348,7.16 100.5937224,14.3509521,7.16 100.5937742,14.3511758,7.15 100.5938061,14.3514031,7.15 100.5938232,14.3516318,7.14 100.5938307,14.3518610,7.14 100.5938341,14.3520903,7.13 100.5938392,14.3523196,7.13 100.5938513,14.3525486,7.12 100.5938760,14.3527767,7.12 100.5939185,14.3530023,7.11 100.5939832,14.3532229,7.11 100.5940739,14.3534347,7.11 100.5941931,14.3536328,7.10 100.5943415,14.3538115,7.10 100.5945181,14.3539642,7.09 100.5947194,14.3540849,7.09 100.5949400,14.3541679,7.08 100.5951728,14.3542093,7.08 100.5954096,14.3542081,7.07 100.5956424,14.3541667,7.07 100.5958648,14.3540882,7.07 100.5960710,14.3539755,7.06 100.5962565,14.3538331,7.06 100.5964182,14.3536657,7.05 100.5965549,14.3534784,7.05 100.5966665,14.3532762,7.04 100.5967546,14.3530633,7.04 100.5968217,14.3528434,7.03 100.5968713,14.3526192,7.03 100.5969072,14.3523925,7.02 100.5969339,14.3521646,7.02 100.5969560,14.3519363,7.02 100.5969780,14.3517080,7.01 100.5970048,14.3514801,7.01 100.5970408,14.3512535,7.00 100.5970904,14.3510292,7.00 100.5971576,14.3508093,6.99 100.5972459,14.3505965,6.99 100.5973576,14.3503944,6.98 100.5974944,14.3502072,6.98 100.5976564,14.3500400,6.98 100.5978420,14.3498976,6.97 100.5980483,14.3497852,6.97 100.5982708,14.3497069,6.96 100.5985036,14.3496657,6.96 100.5987403,14.3496623,6.95 100.5989747,14.3496941,6.95 100.5992019,14.3497587,6.94 100.5994173,14.3498537,6.94 100.5996177,14.3499759,6.93 100.5998006,14.3501214,6.93 100.5999652,14.3502862,6.93 100.6001117,14.3504664,6.92 100.6002414,14.3506582,6.92 100.6003567,14.3508585,6.91 100.6004606,14.3510645,6.91 100.6005567,14.3512741,6.90 100.6006489,14.3514853,6.90 100.6007414,14.3516964,6.89 100.6008380,14.3519057,6.89 100.6009428,14.3521114,6.89 100.6010593,14.3523110,6.88 100.6011905,14.3525019,6.88 100.6013386,14.3526808,6.87 100.6015049,14.3528440,6.87 100.6016895,14.3529876,6.86 100.6018913,14.3531074,6.86 100.6021080,14.3531998,6.85 100.6023359,14.3532614,6.85 100.6025708,14.3532902,6.84 100.6028074,14.3532834,6.84 100.6030396,14.3532391,6.84 100.6032612,14.3531582,6.83 100.6034668,14.3530447,6.83 100.6036531,14.3529032,6.82 100.6038184,14.3527390,6.82 100.6039631,14.3525575,6.81 100.6040891,14.3523634,6.81 100.6041998,14.3521607,6.80 100.6042997,14.3519528,6.80 100.6043938,14.3517424,6.80 100.6044874,14.3515317,6.79 100.6045860,14.3513233,6.79 100.6046947,14.3511195,6.78 100.6048180,14.3509238,6.78 100.6049595,14.3507400,6.77 100.6051215,14.3505727,6.77 100.6053045,14.3504272,6.76 100.6055073,14.3503089,6.76 100.6057266,14.3502226,6.75 100.6059575,14.3501722,6.75 100.6061940,14.3501626,6.75 100.6064269,14.3502035,6.74 100.6066423,14.3502985,6.74 100.6068286,14.3504401,6.73 100.6069782,14.3506178,6.73 100.6070885,14.3508207,6.72 100.6071611,14.3510389,6.72 100.6072010,14.3512650,6.71 100.6072155,14.3514939,6.71 100.6072131,14.3517232,6.71 100.6072030,14.3519523,6.70 100.6071944,14.3521815,6.70 100.6071967,14.3524108,6.69 100.6072187,14.3526391,6.69 100.6072688,14.3528633,6.68 100.6073535,14.3530774,6.68 100.6074769,14.3532731,6.67 100.6076393,14.3534400,6.67 100.6078363,14.3535671,6.66 100.6080590,14.3536448,6.66 100.6082946,14.3536675,6.66 100.6085299,14.3536425,6.65 100.6087575,14.3535796,6.65 100.6089716,14.3534817,6.64 100.6091673,14.3533527,6.64 100.6093418,14.3531978,6.63 100.6094939,14.3530221,6.63 100.6096242,14.3528306,6.62 100.6097347,14.3526278,6.62 100.6098287,14.3524173,6.62 100.6099106,14.3522021,6.61 100.6099850,14.3519844,6.61 100.6100571,14.3517660,6.60 100.6101321,14.3515485,6.60 100.6102152,14.3513338,6.59 100.6103110,14.3511241,6.59 100.6104237,14.3509224,6.58 100.6105565,14.3507326,6.58 100.6107113,14.3505590,6.57 100.6108884,14.3504070,6.57 100.6110866,14.3502815,6.57 100.6113025,14.3501875,6.56 100.6115314,14.3501291,6.56 100.6117672,14.3501089,6.55 100.6120028,14.3501307,6.55 100.6122298,14.3501959,6.54 100.6124402,14.3503009,6.54 100.6126285,14.3504399,6.53 100.6127912,14.3506065,6.53 100.6129278,14.3507938,6.53 100.6130398,14.3509958,6.52 100.6131310,14.3512074,6.52 100.6132064,14.3514248,6.51 100.6132719,14.3516452,6.51 100.6133341,14.3518664,6.50 100.6133996,14.3520868,6.50 100.6134749,14.3523042,6.49 100.6135659,14.3525159,6.49 100.6136777,14.3527180,6.48 100.6138140,14.3529055,6.48 100.6139765,14.3530723,6.48 100.6141645,14.3532116,6.47 100.6143748,14.3533170,6.47 100.6146016,14.3533826,6.46 100.6148372,14.3534049,6.46 100.6150730,14.3533854,6.45 100.6153023,14.3533283,6.45 100.6155189,14.3532358,6.44 100.6157179,14.3531116,6.44 100.6158954,14.3529599,6.44 100.6160493,14.3527857,6.43 100.6161788,14.3525937,6.43 100.6162845,14.3523885,6.42 100.6163683,14.3521740,6.42 100.6164330,14.3519535,6.41 100.6164821,14.3517291,6.41 100.6165197,14.3515027,6.40 100.6165500,14.3512753,6.40 100.6165776,14.3510475,6.39 100.6166071,14.3508200,6.39 100.6166429,14.3505933,6.39 100.6166893,14.3503684,6.38 100.6167506,14.3501469,6.38 100.6168304,14.3499310,6.37 100.6169315,14.3497236,6.37 100.6170562,14.3495287,6.36 100.6172052,14.3493505,6.36 100.6173782,14.3491940,6.35 100.6175732,14.3490639,6.35 100.6177866,14.3489648,6.35 100.6180138,14.3489004,6.34 100.6182489,14.3488732,6.34 100.6184854,14.3488821,6.33 100.6187181,14.3489240,6.33 100.6189425,14.3489971,6.32 100.6191545,14.3490991,6.32 100.6193508,14.3492272,6.31 100.6195293,14.3493778,6.31 100.6196887,14.3495473,6.30 100.6198289,14.3497322,6.30 100.6199505,14.3499289,6.30 100.6200551,14.3501346,6.29 100.6201451,14.3503468,6.29 100.6202231,14.3505633,6.28 100.6202923,14.3507826,6.28 100.6203561,14.3510034,6.27 100.6204180,14.3512247,6.27 100.6204817,14.3514456,6.26 100.6205507,14.3516650,6.26 100.6206283,14.3518816,6.26 100.6207178,14.3520940,6.25 100.6208219,14.3522999,6.25 100.6209429,14.3524970,6.24 100.6210823,14.3526823,6.24 100.6212411,14.3528524,6.23 100.6214189,14.3530038,6.23 100.6216147,14.3531327,6.22 100.6218262,14.3532357,6.22 100.6220502,14.3533099,6.21 100.6222827,14.3533529,6.21 100.6225191,14.3533637,6.21 100.6227550,14.3533447,6.20 100.6229870,14.3532990,6.20 100.6232120,14.3532278,6.19 100.6234274,14.3531327,6.19 100.6236312,14.3530160,6.18 100.6238220,14.3528804,6.18 100.6239993,14.3527284,6.17 100.6241632,14.3525629,6.17 100.6243144,14.3523865,6.17 100.6244543,14.3522015,6.16 100.6245848,14.3520102,6.16 100.6247081,14.3518144,6.15 100.6248268,14.3516160,6.15 100.6249435,14.3514165,6.14 100.6250610,14.3512174,6.14 100.6251821,14.3510204,6.13 100.6253095,14.3508270,6.13 100.6254453,14.3506393,6.12 100.6255918,14.3504591,6.12 100.6257505,14.3502889,6.12 100.6259223,14.3501312,6.11 100.6261078,14.3499887,6.11 100.6263065,14.3498641,6.10 100.6265174,14.3497601,6.10 100.6267389,14.3496790,6.09 100.6269684,14.3496228,6.09 100.6272031,14.3495930,6.08 100.6274398,14.3495945,6.08 100.6276727,14.3496355,6.08 100.6278935,14.3497182,6.07 100.6280956,14.3498375,6.07 100.6282749,14.3499873,6.06 100.6284298,14.3501607,6.06 100.6285616,14.3503511,6.05 100.6286737,14.3505531,6.05 100.6287711,14.3507621,6.04 100.6288601,14.3509747,6.04 100.6289473,14.3511879,6.03 100.6290396,14.3513990,6.03 100.6291436,14.3516050,6.03 100.6292650,14.3518019,6.02 100.6294079,14.3519847,6.02 100.6295750,14.3521472,6.01 100.6297659,14.3522827,6.01 100.6299780,14.3523845,6.00 100.6302058,14.3524470,6.00 100.6304417,14.3524664,5.99 100.6306775,14.3524462,5.99 100.6309074,14.3523917,5.99 100.6311265,14.3523049,5.98 100.6313305,14.3521886,5.98 100.6315163,14.3520465,5.97 100.6316818,14.3518825,5.97 100.6318262,14.3517008,5.96 100.6319501,14.3515054,5.96 100.6320547,14.3512997,5.95 100.6321425,14.3510867,5.95 100.6322163,14.3508688,5.94 100.6322796,14.3506478,5.94 100.6323361,14.3504252,5.94 100.6323898,14.3502018,5.93 100.6324447,14.3499787,5.93 100.6325048,14.3497569,5.92 100.6325739,14.3495376,5.92 100.6326557,14.3493224,5.91 100.6327532,14.3491134,5.91 100.6328692,14.3489135,5.90 100.6330052,14.3487258,5.90 100.6331623,14.3485543,5.90 100.6333401,14.3484029,5.89 100.6335371,14.3482757,5.89 100.6337506,14.3481767,5.88 100.6339767,14.3481089,5.88 100.6342108,14.3480748,5.87 100.6344474,14.3480826,5.87 100.6346755,14.3481437,5.86 100.6348809,14.3482577,5.86 100.6350533,14.3484148,5.85 100.6351878,14.3486036,5.85 100.6352846,14.3488129,5.85 100.6353484,14.3490337,5.84 100.6353869,14.3492600,5.84 100.6354096,14.3494882,5.83 100.6354269,14.3497170,5.83 100.6354493,14.3499453,5.82 100.6354873,14.3501716,5.82 100.6355502,14.3503927,5.81 100.6356459,14.3506024,5.81 100.6357792,14.3507919,5.81 100.6359505,14.3509502,5.80 100.6361551,14.3510656,5.80 100.6363827,14.3511284,5.79 100.6366194,14.3511343,5.79 100.6368509,14.3510864,5.78 100.6370660,14.3509907,5.78 100.6372558,14.3508537,5.77 100.6374149,14.3506839,5.77 100.6375417,14.3504902,5.76 100.6376377,14.3502807,5.76 100.6377078,14.3500616,5.76 100.6377584,14.3498376,5.75 100.6377971,14.3496113,5.75 100.6378323,14.3493846,5.74 100.6378725,14.3491586,5.74 100.6379258,14.3489351,5.73 100.6379997,14.3487173,5.73 100.6381007,14.3485099,5.72 100.6382328,14.3483195,5.72 100.6383972,14.3481546,5.72 100.6385918,14.3480239,5.71 100.6388103,14.3479358,5.71 100.6390435,14.3478964,5.70 100.6392801,14.3479023,5.70 100.6395126,14.3479453,5.69 100.6397357,14.3480219,5.69 100.6399448,14.3481294,5.68 100.6401364,14.3482641,5.68 100.6403081,14.3484220,5.67 100.6404591,14.3485986,5.67 100.6405895,14.3487900,5.67 100.6407009,14.3489923,5.66 100.6407957,14.3492024,5.66 100.6408769,14.3494179,5.65 100.6409481,14.3496366,5.65 100.6410134,14.3498570,5.64 100.6410769,14.3500779,5.64 100.6411427,14.3502982,5.63 100.6412151,14.3505165,5.63 100.6412979,14.3507314,5.63 100.6413947,14.3509406,5.62 100.6415086,14.3511417,5.62 100.6416417,14.3513313,5.61 100.6417955,14.3515056,5.61 100.6419700,14.3516606,5.60 100.6421641,14.3517919,5.60 100.6423753,14.3518954,5.59 100.6426000,14.3519677,5.59 100.6428333,14.3520060,5.58 100.6430700,14.3520085,5.58 100.6433040,14.3519737,5.58 100.6435290,14.3519025,5.57 100.6437398,14.3517980,5.57 100.6439323,14.3516647,5.56 100.6441046,14.3515074,5.56 100.6442563,14.3513313,5.55 100.6443887,14.3511412,5.55 100.6445046,14.3509413,5.54 100.6446079,14.3507349,5.54 100.6447032,14.3505250,5.54 100.6447955,14.3503138,5.53 100.6448900,14.3501036,5.53 100.6449919,14.3498966,5.52 100.6451058,14.3496956,5.52 100.6452356,14.3495038,5.51 100.6453844,14.3493255,5.51 100.6455538,14.3491652,5.50 100.6457435,14.3490281,5.50 100.6459519,14.3489193,5.49 100.6461752,14.3488431,5.49 100.6464082,14.3488031,5.49 100.6466449,14.3488012,5.48 100.6468786,14.3488381,5.48 100.6471024,14.3489125,5.47 100.6473107,14.3490215,5.47 100.6474987,14.3491609,5.46 100.6476630,14.3493260,5.46 100.6478020,14.3495116,5.45 100.6479156,14.3497128,5.45 100.6480048,14.3499252,5.45 100.6480719,14.3501451,5.44 100.6481200,14.3503697,5.44 100.6481530,14.3505968,5.43 100.6481749,14.3508251,5.43 100.6481902,14.3510540,5.42 100.6482034,14.3512829,5.42 100.6482190,14.3515118,5.41 100.6482415,14.3517400,5.41 100.6482753,14.3519670,5.40 100.6483246,14.3521913,5.40 100.6483931,14.3524108,5.40 100.6484838,14.3526227,5.39 100.6485990,14.3528230,5.39 100.6487397,14.3530074,5.38 100.6489056,14.3531710,5.38 100.6490950,14.3533085,5.37 100.6493045,14.3534154,5.37 100.6495292,14.3534875,5.36 100.6497632,14.3535219,5.36 100.6499999,14.3535193,5.36 100.6502337,14.3534835,5.35 100.6504603,14.3534173,5.35 100.6506760,14.3533227,5.34 100.6508776,14.3532026,5.34 100.6510632,14.3530602,5.33 100.6512316,14.3528991,5.33 100.6513830,14.3527228,5.32 100.6515183,14.3525346,5.32 100.6516392,14.3523374,5.31 100.6517483,14.3521339,5.31 100.6518485,14.3519261,5.31 100.6519431,14.3517159,5.30 100.6520357,14.3515049,5.30 100.6521299,14.3512945,5.29 100.6522293,14.3510863,5.29 100.6523371,14.3508822,5.28 100.6524564,14.3506841,5.28 100.6525898,14.3504947,5.27 100.6527392,14.3503168,5.27 100.6529056,14.3501536,5.27 100.6530891,14.3500088,5.26 100.6532888,14.3498858,5.26 100.6535029,14.3497879,5.25 100.6537284,14.3497181,5.25 100.6539616,14.3496786,5.24 100.6541982,14.3496721,5.24 100.6544326,14.3497037,5.23 100.6546575,14.3497753,5.23 100.6548661,14.3498837,5.22 100.6550533,14.3500241,5.22 100.6552154,14.3501912,5.22 100.6553510,14.3503792,5.21 100.6554602,14.3505826,5.21 100.6555449,14.3507968,5.20 100.6556081,14.3510178,5.20 100.6556538,14.3512428,5.19 100.6556866,14.3514699,5.19 100.6557113,14.3516980,5.18 100.6557333,14.3519263,5.18 100.6557578,14.3521544,5.18 100.6557899,14.3523816,5.17 100.6558345,14.3526068,5.17 100.6558964,14.3528282,5.16 100.6559796,14.3530429,5.16 100.6560872,14.3532471,5.15 100.6562210,14.3534363,5.15 100.6563815,14.3536049,5.14 100.6565670,14.3537473,5.14 100.6567744,14.3538579,5.13 100.6569984,14.3539321,5.13 100.6572324,14.3539664,5.13 100.6574691,14.3539602,5.12 100.6577012,14.3539152,5.12 100.6579226,14.3538341,5.11 100.6581279,14.3537200,5.11 100.6583132,14.3535773,5.10 100.6584760,14.3534108,5.10 100.6586154,14.3532255,5.09 100.6587322,14.3530260,5.09 100.6588283,14.3528164,5.09 100.6589069,14.3526001,5.08 100.6589717,14.3523795,5.08 100.6590272,14.3521566,5.07 100.6590779,14.3519326,5.07 100.6591288,14.3517086,5.06 100.6591845,14.3514858,5.06 100.6592499,14.3512653,5.05 100.6593291,14.3510493,5.05 100.6594261,14.3508401,5.04 100.6595439,14.3506411,5.04 100.6596843,14.3504565,5.04 100.6598481,14.3502909,5.03 100.6600343,14.3501494,5.03 100.6602404,14.3500366,5.02 100.6604624,14.3499570,5.02 100.6606949,14.3499137,5.01 100.6609315,14.3499078,5.01 100.6611663,14.3499373,5.00 100.6613940,14.3500000,5.00</coordinates></LineString></Placemark>
  <Placemark><name>ตลิ่งซ้าย</name>
   <ExtendedData><Data name="floodsim_role"><value>bank</value></Data></ExtendedData><Style><LineStyle><color>ff2a6a8a</color><width>2</width></LineStyle></Style>
   <LineString><tessellate>1</tessellate><altitudeMode>clampToGround</altitudeMode>
    <coordinates>100.5499262,14.3503526,13.60 100.5501181,14.3503683,13.60 100.5502815,14.3504263,13.59 100.5504113,14.3505139,13.59 100.5505190,14.3506291,13.58 100.5506058,14.3507703,13.58 100.5506709,14.3509339,13.57 100.5507156,14.3511163,13.57 100.5507436,14.3513155,13.56 100.5507608,14.3515302,13.56 100.5507752,14.3517596,13.55 100.5507967,14.3520033,13.55 100.5508369,14.3522591,13.55 100.5509078,14.3525224,13.54 100.5510208,14.3527848,13.54 100.5511845,14.3530336,13.53 100.5514023,14.3532523,13.53 100.5516694,14.3534226,13.52 100.5519715,14.3535283,13.52 100.5522873,14.3535609,13.51 100.5525962,14.3535294,13.51 100.5528878,14.3534469,13.51 100.5531561,14.3533195,13.50 100.5533964,14.3531534,13.50 100.5536047,14.3529563,13.49 100.5537792,14.3527363,13.49 100.5539204,14.3525012,13.48 100.5540311,14.3522578,13.48 100.5541155,14.3520118,13.47 100.5541789,14.3517673,13.47 100.5542270,14.3515271,13.46 100.5542657,14.3512931,13.46 100.5543005,14.3510665,13.46 100.5543366,14.3508481,13.45 100.5543786,14.3506384,13.45 100.5544305,14.3504386,13.44 100.5544953,14.3502498,13.44 100.5545755,14.3500739,13.43 100.5546725,14.3499130,13.43 100.5547866,14.3497698,13.42 100.5549173,14.3496471,13.42 100.5550628,14.3495476,13.42 100.5552202,14.3494741,13.41 100.5553849,14.3494284,13.41 100.5555514,14.3494113,13.40 100.5557148,14.3494255,13.40 100.5558701,14.3494729,13.39 100.5560134,14.3495510,13.39 100.5561417,14.3496572,13.38 100.5562523,14.3497883,13.38 100.5563435,14.3499410,13.37 100.5564154,14.3501120,13.37 100.5564695,14.3502986,13.37 100.5565088,14.3504986,13.36 100.5565377,14.3507108,13.36 100.5565620,14.3509344,13.35 100.5565883,14.3511686,13.35 100.5566245,14.3514124,13.34 100.5566787,14.3516636,13.34 100.5567595,14.3519182,13.33 100.5568745,14.3521701,13.33 100.5570296,14.3524105,13.33 100.5572276,14.3526285,13.32 100.5574672,14.3528119,13.32 100.5577414,14.3529484,13.31 100.5580369,14.3530284,13.31 100.5583362,14.3530500,13.30 100.5586265,14.3530263,13.30 100.5589044,14.3529701,13.29 100.5591694,14.3528843,13.29 100.5594207,14.3527712,13.28 100.5596563,14.3526339,13.28 100.5598745,14.3524757,13.28 100.5600743,14.3523004,13.27 100.5602558,14.3521117,13.27 100.5604198,14.3519130,13.26 100.5605678,14.3517076,13.26 100.5607020,14.3514982,13.25 100.5608247,14.3512873,13.25 100.5609388,14.3510768,13.24 100.5610469,14.3508685,13.24 100.5611519,14.3506638,13.24 100.5612566,14.3504640,13.23 100.5613633,14.3502704,13.23 100.5614744,14.3500842,13.22 100.5615919,14.3499067,13.22 100.5617172,14.3497392,13.21 100.5618516,14.3495833,13.21 100.5619957,14.3494406,13.20 100.5621497,14.3493127,13.20 100.5623134,14.3492012,13.19 100.5624860,14.3491077,13.19 100.5626661,14.3490338,13.19 100.5628505,14.3489810,13.18 100.5630332,14.3489497,13.18 100.5632077,14.3489401,13.17 100.5633696,14.3489612,13.17 100.5635148,14.3490191,13.16 100.5636426,14.3491089,13.16 100.5637526,14.3492277,13.15 100.5638432,14.3493725,13.15 100.5639143,14.3495396,13.15 100.5639683,14.3497262,13.14 100.5640095,14.3499301,13.14 100.5640451,14.3501498,13.13 100.5640840,14.3503841,13.13 100.5641370,14.3506307,13.12 100.5642158,14.3508853,13.12 100.5643317,14.3511404,13.11 100.5644939,14.3513842,13.11 100.5647069,14.3516015,13.10 100.5649689,14.3517752,13.10 100.5652711,14.3518889,13.10 100.5655983,14.3519297,13.09 100.5659291,14.3518867,13.09 100.5662358,14.3517585,13.08 100.5664939,14.3515595,13.08 100.5666892,14.3513118,13.07 100.5668194,14.3510386,13.07 100.5668918,14.3507593,13.06 100.5669195,14.3504873,13.06 100.5669178,14.3502300,13.06 100.5669017,14.3499901,13.05 100.5668844,14.3497675,13.05 100.5668765,14.3495615,13.04 100.5668861,14.3493718,13.04 100.5669184,14.3491998,13.03 100.5669761,14.3490485,13.03 100.5670588,14.3489218,13.02 100.5671642,14.3488241,13.02 100.5672889,14.3487591,13.01 100.5674289,14.3487314,13.01 100.5675774,14.3487399,13.01 100.5677280,14.3487806,13.00 100.5678733,14.3488528,13.00 100.5680071,14.3489546,12.99 100.5681258,14.3490826,12.99 100.5682281,14.3492338,12.98 100.5683151,14.3494049,12.98 100.5683893,14.3495934,12.97 100.5684554,14.3497971,12.97 100.5685195,14.3500141,12.97 100.5685891,14.3502423,12.96 100.5686729,14.3504788,12.96 100.5687798,14.3507190,12.95 100.5689181,14.3509559,12.95 100.5690942,14.3511800,12.94 100.5693110,14.3513795,12.94 100.5695666,14.3515414,12.93 100.5698528,14.3516532,12.93 100.5701556,14.3517063,12.92 100.5704593,14.3517020,12.92 100.5707524,14.3516491,12.92 100.5710290,14.3515545,12.91 100.5712846,14.3514235,12.91 100.5715157,14.3512622,12.90 100.5717205,14.3510776,12.90 100.5718993,14.3508765,12.89 100.5720542,14.3506655,12.89 100.5721887,14.3504500,12.88 100.5723075,14.3502344,12.88 100.5724155,14.3500222,12.88 100.5725177,14.3498162,12.87 100.5726190,14.3496186,12.87 100.5727235,14.3494314,12.86 100.5728348,14.3492565,12.86 100.5729554,14.3490960,12.85 100.5730870,14.3489522,12.85 100.5732302,14.3488275,12.84 100.5733847,14.3487242,12.84 100.5735490,14.3486445,12.83 100.5737205,14.3485904,12.83 100.5738956,14.3485630,12.83 100.5740704,14.3485636,12.82 100.5742409,14.3485935,12.82 100.5744032,14.3486523,12.81 100.5745539,14.3487380,12.81 100.5746899,14.3488483,12.80 100.5748087,14.3489804,12.80 100.5749086,14.3491312,12.79 100.5749886,14.3492979,12.79 100.5750491,14.3494776,12.79 100.5750909,14.3496680,12.78 100.5751160,14.3498672,12.78 100.5751267,14.3500741,12.77 100.5751262,14.3502879,12.77 100.5751180,14.3505085,12.76 100.5751064,14.3507358,12.76 100.5750958,14.3509703,12.75 100.5750911,14.3512118,12.75 100.5750977,14.3514601,12.74 100.5751211,14.3517141,12.74 100.5751667,14.3519715,12.74 100.5752397,14.3522290,12.73 100.5753444,14.3524818,12.73 100.5754841,14.3527239,12.72 100.5756602,14.3529479,12.72 100.5758720,14.3531461,12.71 100.5761165,14.3533105,12.71 100.5763882,14.3534337,12.70 100.5766795,14.3535099,12.70 100.5769814,14.3535351,12.70 100.5772835,14.3535072,12.69 100.5775748,14.3534268,12.69 100.5778450,14.3532984,12.68 100.5780863,14.3531291,12.68 100.5782934,14.3529273,12.67 100.5784643,14.3527018,12.67 100.5785997,14.3524613,12.66 100.5787027,14.3522130,12.66 100.5787780,14.3519628,12.65 100.5788314,14.3517151,12.65 100.5788691,14.3514727,12.65 100.5788973,14.3512374,12.64 100.5789221,14.3510100,12.64 100.5789489,14.3507911,12.63 100.5789825,14.3505814,12.63 100.5790270,14.3503816,12.62 100.5790857,14.3501931,12.62 100.5791609,14.3500177,12.61 100.5792540,14.3498577,12.61 100.5793653,14.3497159,12.61 100.5794939,14.3495954,12.60 100.5796379,14.3494989,12.60 100.5797949,14.3494291,12.59 100.5799626,14.3493880,12.59 100.5801379,14.3493770,12.58 100.5803172,14.3493933,12.58 100.5804965,14.3494341,12.57 100.5806714,14.3494991,12.57 100.5808384,14.3495869,12.56 100.5809954,14.3496958,12.56 100.5811414,14.3498236,12.56 100.5812758,14.3499684,12.55 100.5813990,14.3501282,12.55 100.5815119,14.3503009,12.54 100.5816162,14.3504849,12.54 100.5817143,14.3506785,12.53 100.5818089,14.3508802,12.53 100.5819033,14.3510886,12.52 100.5820012,14.3513022,12.52 100.5821063,14.3515192,12.52 100.5822226,14.3517374,12.51 100.5823537,14.3519540,12.51 100.5825031,14.3521658,12.50 100.5826733,14.3523685,12.50 100.5828662,14.3525575,12.49 100.5830820,14.3527277,12.49 100.5833200,14.3528739,12.48 100.5835779,14.3529910,12.48 100.5838532,14.3530749,12.47 100.5841445,14.3531217,12.47 100.5844490,14.3531237,12.47 100.5847563,14.3530641,12.46 100.5850450,14.3529356,12.46 100.5852950,14.3527491,12.45 100.5854952,14.3525217,12.45 100.5856440,14.3522710,12.44 100.5857468,14.3520116,12.44 100.5858132,14.3517544,12.43 100.5858548,14.3515063,12.43 100.5858833,14.3512710,12.43 100.5859093,14.3510501,12.42 100.5859417,14.3508445,12.42 100.5859874,14.3506555,12.41 100.5860510,14.3504850,12.41 100.5861350,14.3503358,12.40 100.5862393,14.3502115,12.40 100.5863618,14.3501159,12.39 100.5864981,14.3500523,12.39 100.5866421,14.3500230,12.38 100.5867872,14.3500294,12.38 100.5869262,14.3500718,12.38 100.5870527,14.3501481,12.37 100.5871612,14.3502550,12.37 100.5872478,14.3503885,12.36 100.5873103,14.3505443,12.36 100.5873488,14.3507186,12.35 100.5873653,14.3509083,12.35 100.5873642,14.3511120,12.34 100.5873515,14.3513291,12.34 100.5873354,14.3515603,12.34 100.5873256,14.3518058,12.33 100.5873333,14.3520651,12.33 100.5873708,14.3523350,12.32 100.5874502,14.3526086,12.32 100.5875813,14.3528747,12.31 100.5877695,14.3531176,12.31 100.5880133,14.3533189,12.30 100.5883013,14.3534602,12.30 100.5886132,14.3535290,12.29 100.5889254,14.3535286,12.29 100.5892235,14.3534745,12.29 100.5895021,14.3533770,12.28 100.5897577,14.3532418,12.28 100.5899873,14.3530754,12.27 100.5901891,14.3528847,12.27 100.5903632,14.3526772,12.26 100.5905116,14.3524593,12.26 100.5906380,14.3522368,12.25 100.5907473,14.3520142,12.25 100.5908444,14.3517948,12.25 100.5909349,14.3515814,12.24 100.5910236,14.3513760,12.24 100.5911151,14.3511804,12.23 100.5912133,14.3509964,12.23 100.5913211,14.3508258,12.22 100.5914405,14.3506709,12.22 100.5915726,14.3505340,12.21 100.5917173,14.3504175,12.21 100.5918737,14.3503238,12.20 100.5920394,14.3502551,12.20 100.5922107,14.3502133,12.20 100.5923833,14.3501988,12.19 100.5925527,14.3502142,12.19 100.5927146,14.3502606,12.18 100.5928656,14.3503361,12.18 100.5930026,14.3504382,12.17 100.5931225,14.3505642,12.17 100.5932235,14.3507109,12.16 100.5933046,14.3508750,12.16 100.5933662,14.3510537,12.16 100.5934097,14.3512445,12.15 100.5934374,14.3514456,12.15 100.5934527,14.3516560,12.14 100.5934596,14.3518750,12.14 100.5934630,14.3521024,12.13 100.5934683,14.3523382,12.13 100.5934816,14.3525820,12.12 100.5935093,14.3528329,12.12 100.5935580,14.3530885,12.11 100.5936341,14.3533454,12.11 100.5937431,14.3535981,12.11 100.5938893,14.3538396,12.10 100.5940744,14.3540614,12.10 100.5942978,14.3542538,12.09 100.5945552,14.3544076,12.09 100.5948391,14.3545141,12.08 100.5951388,14.3545675,12.08 100.5954421,14.3545664,12.07 100.5957383,14.3545142,12.07 100.5960187,14.3544155,12.07 100.5962765,14.3542751,12.06 100.5965062,14.3540993,12.06 100.5967042,14.3538951,12.05 100.5968690,14.3536702,12.05 100.5970015,14.3534314,12.04 100.5971040,14.3531851,12.04 100.5971805,14.3529362,12.03 100.5972356,14.3526885,12.03 100.5972746,14.3524447,12.02 100.5973027,14.3522064,12.02 100.5973252,14.3519745,12.02 100.5973468,14.3517497,12.01 100.5973722,14.3515324,12.01 100.5974051,14.3513229,12.00 100.5974491,14.3511222,12.00 100.5975070,14.3509313,11.99 100.5975807,14.3507520,11.99 100.5976716,14.3505864,11.98 100.5977802,14.3504369,11.98 100.5979059,14.3503063,11.98 100.5980473,14.3501974,11.97 100.5982021,14.3501126,11.97 100.5983678,14.3500541,11.96 100.5985414,14.3500236,11.96 100.5987194,14.3500214,11.95 100.5988981,14.3500461,11.95 100.5990738,14.3500963,11.94 100.5992428,14.3501712,11.94 100.5994025,14.3502691,11.93 100.5995511,14.3503878,11.93 100.5996878,14.3505253,11.93 100.5998124,14.3506793,11.92 100.5999259,14.3508478,11.92 100.6000296,14.3510288,11.91 100.6001260,14.3512205,11.91 100.6002179,14.3514213,11.90 100.6003089,14.3516297,11.90 100.6004028,14.3518442,11.89 100.6005040,14.3520628,11.89 100.6006167,14.3522832,11.89 100.6007451,14.3525026,11.88 100.6008930,14.3527172,11.88 100.6010635,14.3529224,11.87 100.6012582,14.3531130,11.87 100.6014778,14.3532831,11.86 100.6017208,14.3534270,11.86 100.6019844,14.3535390,11.85 100.6022642,14.3536144,11.85 100.6025549,14.3536496,11.84 100.6028500,14.3536408,11.84 100.6031406,14.3535852,11.84 100.6034170,14.3534847,11.83 100.6036713,14.3533450,11.83 100.6038982,14.3531734,11.82 100.6040957,14.3529782,11.82 100.6042646,14.3527674,11.81 100.6044077,14.3525480,11.81 100.6045297,14.3523259,11.80 100.6046359,14.3521055,11.80 100.6047322,14.3518904,11.80 100.6048242,14.3516832,11.79 100.6049172,14.3514859,11.79 100.6050155,14.3513006,11.78 100.6051227,14.3511293,11.78 100.6052412,14.3509743,11.77 100.6053723,14.3508380,11.77 100.6055160,14.3507229,11.76 100.6056711,14.3506317,11.76 100.6058343,14.3505668,11.75 100.6059998,14.3505296,11.75 100.6061615,14.3505209,11.75 100.6063139,14.3505461,11.74 100.6064517,14.3506072,11.74 100.6065719,14.3507000,11.73 100.6066718,14.3508210,11.73 100.6067490,14.3509664,11.72 100.6068025,14.3511321,11.72 100.6068333,14.3513148,11.71 100.6068447,14.3515121,11.71 100.6068418,14.3517230,11.71 100.6068317,14.3519475,11.70 100.6068231,14.3521859,11.70 100.6068264,14.3524381,11.69 100.6068531,14.3527022,11.69 100.6069152,14.3529731,11.68 100.6070233,14.3532420,11.68 100.6071852,14.3534956,11.67 100.6074029,14.3537174,11.67 100.6076707,14.3538890,11.66 100.6079733,14.3539948,11.66 100.6082885,14.3540271,11.66 100.6085959,14.3539965,11.65 100.6088860,14.3539171,11.65 100.6091538,14.3537951,11.64 100.6093954,14.3536366,11.64 100.6096076,14.3534490,11.63 100.6097892,14.3532402,11.63 100.6099413,14.3530176,11.62 100.6100672,14.3527877,11.62 100.6101714,14.3525559,11.62 100.6102592,14.3523260,11.61 100.6103362,14.3521010,11.61 100.6104082,14.3518830,11.60 100.6104802,14.3516737,11.60 100.6105569,14.3514745,11.59 100.6106420,14.3512870,11.59 100.6107386,14.3511130,11.58 100.6108486,14.3509546,11.58 100.6109729,14.3508143,11.57 100.6111114,14.3506946,11.57 100.6112628,14.3505981,11.57 100.6114246,14.3505272,11.56 100.6115930,14.3504838,11.56 100.6117635,14.3504686,11.55 100.6119316,14.3504837,11.55 100.6120931,14.3505304,11.54 100.6122446,14.3506066,11.54 100.6123833,14.3507101,11.53 100.6125071,14.3508381,11.53 100.6126150,14.3509876,11.53 100.6127073,14.3511558,11.52 100.6127859,14.3513401,11.52 100.6128541,14.3515383,11.51 100.6129164,14.3517489,11.51 100.6129786,14.3519701,11.50 100.6130472,14.3522002,11.50 100.6131296,14.3524367,11.49 100.6132332,14.3526756,11.49 100.6133647,14.3529115,11.48 100.6135296,14.3531368,11.48 100.6137309,14.3533421,11.48 100.6139683,14.3535171,11.47 100.6142375,14.3536512,11.47 100.6145295,14.3537355,11.46 100.6148323,14.3537646,11.46 100.6151330,14.3537404,11.45 100.6154224,14.3536686,11.45 100.6156934,14.3535533,11.44 100.6159402,14.3533997,11.44 100.6161581,14.3532142,11.44 100.6163446,14.3530038,11.43 100.6164992,14.3527756,11.43 100.6166232,14.3525361,11.42 100.6167195,14.3522907,11.42 100.6167923,14.3520441,11.41 100.6168463,14.3517993,11.41 100.6168865,14.3515588,11.40 100.6169179,14.3513239,11.40 100.6169456,14.3510954,11.39 100.6169742,14.3508740,11.39 100.6170077,14.3506602,11.39 100.6170499,14.3504545,11.38 100.6171038,14.3502580,11.38 100.6171719,14.3500720,11.37 100.6172560,14.3498985,11.37 100.6173570,14.3497395,11.36 100.6174750,14.3495977,11.36 100.6176092,14.3494757,11.35 100.6177578,14.3493760,11.35 100.6179185,14.3493011,11.35 100.6180888,14.3492527,11.34 100.6182659,14.3492326,11.34 100.6184462,14.3492398,11.33 100.6186260,14.3492724,11.33 100.6188015,14.3493298,11.32 100.6189691,14.3494108,11.32 100.6191263,14.3495137,11.31 100.6192714,14.3496366,11.31 100.6194031,14.3497772,11.30 100.6195212,14.3499336,11.30 100.6196259,14.3501037,11.30 100.6197181,14.3502856,11.29 100.6197992,14.3504777,11.29 100.6198713,14.3506786,11.28 100.6199370,14.3508872,11.28 100.6199992,14.3511026,11.27 100.6200611,14.3513238,11.27 100.6201264,14.3515500,11.26 100.6201988,14.3517798,11.26 100.6202822,14.3520119,11.26 100.6203804,14.3522441,11.25 100.6204968,14.3524738,11.25 100.6206346,14.3526975,11.24 100.6207959,14.3529112,11.24 100.6209820,14.3531102,11.23 100.6211931,14.3532894,11.23 100.6214279,14.3534436,11.22 100.6216834,14.3535678,11.22 100.6219554,14.3536577,11.21 100.6222377,14.3537100,11.21 100.6225233,14.3537234,11.21 100.6228057,14.3537011,11.20 100.6230809,14.3536471,11.20 100.6233458,14.3535633,11.19 100.6235977,14.3534523,11.19 100.6238342,14.3533172,11.18 100.6240534,14.3531617,11.18 100.6242548,14.3529895,11.17 100.6244384,14.3528044,11.17 100.6246054,14.3526100,11.17 100.6247573,14.3524094,11.16 100.6248965,14.3522056,11.16 100.6250256,14.3520010,11.15 100.6251473,14.3517976,11.15 100.6252645,14.3515973,11.14 100.6253800,14.3514015,11.14 100.6254965,14.3512118,11.13 100.6256163,14.3510296,11.13 100.6257416,14.3508562,11.12 100.6258738,14.3506931,11.12 100.6260144,14.3505420,11.12 100.6261639,14.3504044,11.11 100.6263227,14.3502820,11.11 100.6264904,14.3501766,11.10 100.6266663,14.3500896,11.10 100.6268489,14.3500225,11.09 100.6270350,14.3499767,11.09 100.6272199,14.3499524,11.08 100.6273997,14.3499521,11.08 100.6275712,14.3499816,11.08 100.6277316,14.3500419,11.07 100.6278803,14.3501306,11.07 100.6280162,14.3502453,11.06 100.6281383,14.3503835,11.06 100.6282470,14.3505422,11.05 100.6283440,14.3507186,11.05 100.6284328,14.3509105,11.04 100.6285184,14.3511154,11.04 100.6286067,14.3513311,11.03 100.6287049,14.3515547,11.03 100.6288205,14.3517822,11.03 100.6289607,14.3520081,11.02 100.6291314,14.3522248,11.02 100.6293365,14.3524229,11.01 100.6295761,14.3525919,11.01 100.6298463,14.3527208,11.00 100.6301379,14.3528006,11.00 100.6304383,14.3528261,10.99 100.6307351,14.3528015,10.99 100.6310208,14.3527343,10.99 100.6312900,14.3526278,10.98 100.6315386,14.3524865,10.98 100.6317628,14.3523154,10.97 100.6319603,14.3521204,10.97 100.6321302,14.3519075,10.96 100.6322735,14.3516821,10.96 100.6323924,14.3514493,10.95 100.6324901,14.3512131,10.95 100.6325705,14.3509768,10.94 100.6326377,14.3507428,10.94 100.6326962,14.3505129,10.94 100.6327502,14.3502884,10.93 100.6328038,14.3500701,10.93 100.6328609,14.3498590,10.92 100.6329246,14.3496560,10.92 100.6329979,14.3494621,10.91 100.6330830,14.3492788,10.91 100.6331816,14.3491078,10.90 100.6332947,14.3489511,10.90 100.6334225,14.3488109,10.90 100.6335645,14.3486895,10.89 100.6337193,14.3485892,10.89 100.6338843,14.3485122,10.88 100.6340546,14.3484606,10.88 100.6342231,14.3484343,10.87 100.6343841,14.3484371,10.87 100.6345322,14.3484756,10.86 100.6346633,14.3485492,10.86 100.6347759,14.3486539,10.85 100.6348681,14.3487865,10.85 100.6349386,14.3489434,10.85 100.6349882,14.3491209,10.84 100.6350202,14.3493167,10.84 100.6350407,14.3495292,10.83 100.6350580,14.3497577,10.83 100.6350826,14.3500013,10.82 100.6351267,14.3502578,10.82 100.6352036,14.3505218,10.81 100.6353252,14.3507837,10.81 100.6355003,14.3510294,10.81 100.6357311,14.3512404,10.80 100.6360114,14.3513973,10.80 100.6363253,14.3514838,10.79 100.6366502,14.3514928,10.79 100.6369647,14.3514289,10.78 100.6372524,14.3513018,10.78 100.6375020,14.3511231,10.77 100.6377068,14.3509063,10.77 100.6378658,14.3506657,10.76 100.6379826,14.3504140,10.76 100.6380647,14.3501610,10.76 100.6381213,14.3499136,10.75 100.6381624,14.3496760,10.75 100.6381974,14.3494503,10.74 100.6382347,14.3492377,10.74 100.6382811,14.3490395,10.73 100.6383419,14.3488571,10.73 100.6384203,14.3486929,10.72 100.6385180,14.3485499,10.72 100.6386344,14.3484314,10.72 100.6387677,14.3483407,10.71 100.6389159,14.3482807,10.71 100.6390768,14.3482546,10.70 100.6392457,14.3482604,10.70 100.6394179,14.3482931,10.69 100.6395878,14.3483518,10.69 100.6397499,14.3484356,10.68 100.6399009,14.3485423,10.68 100.6400388,14.3486696,10.67 100.6401627,14.3488153,10.67 100.6402723,14.3489770,10.67 100.6403685,14.3491525,10.66 100.6404526,14.3493399,10.66 100.6405268,14.3495377,10.65 100.6405939,14.3497444,10.65 100.6406573,14.3499590,10.64 100.6407209,14.3501804,10.64 100.6407889,14.3504074,10.63 100.6408657,14.3506385,10.63 100.6409560,14.3508717,10.63 100.6410640,14.3511042,10.62 100.6411939,14.3513326,10.62 100.6413486,14.3515521,10.61 100.6415304,14.3517575,10.61 100.6417396,14.3519427,10.60 100.6419751,14.3521016,10.60 100.6422339,14.3522281,10.59 100.6425113,14.3523170,10.59 100.6428014,14.3523644,10.58 100.6430969,14.3523672,10.58 100.6433894,14.3523238,10.58 100.6436700,14.3522353,10.57 100.6439305,14.3521067,10.57 100.6441655,14.3519446,10.56 100.6443721,14.3517568,10.56 100.6445503,14.3515510,10.55 100.6447020,14.3513343,10.55 100.6448311,14.3511126,10.54 100.6449425,14.3508909,10.54 100.6450417,14.3506728,10.54 100.6451343,14.3504610,10.53 100.6452254,14.3502579,10.53 100.6453198,14.3500653,10.52 100.6454213,14.3498852,10.52 100.6455328,14.3497195,10.51 100.6456562,14.3495706,10.51 100.6457923,14.3494409,10.50 100.6459408,14.3493329,10.50 100.6461002,14.3492491,10.49 100.6462682,14.3491914,10.49 100.6464415,14.3491613,10.49 100.6466163,14.3491598,10.48 100.6467887,14.3491871,10.48 100.6469546,14.3492425,10.47 100.6471105,14.3493245,10.47 100.6472532,14.3494308,10.46 100.6473802,14.3495591,10.46 100.6474899,14.3497065,10.45 100.6475817,14.3498702,10.45 100.6476556,14.3500477,10.45 100.6477128,14.3502367,10.44 100.6477550,14.3504355,10.44 100.6477848,14.3506429,10.43 100.6478052,14.3508579,10.43 100.6478199,14.3510802,10.42 100.6478331,14.3513094,10.42 100.6478493,14.3515452,10.41 100.6478734,14.3517873,10.41 100.6479106,14.3520344,10.40 100.6479661,14.3522847,10.40 100.6480448,14.3525354,10.40 100.6481511,14.3527824,10.39 100.6482885,14.3530204,10.39 100.6484591,14.3532430,10.38 100.6486629,14.3534432,10.38 100.6488980,14.3536135,10.37 100.6491601,14.3537468,10.37 100.6494421,14.3538372,10.36 100.6497348,14.3538805,10.36 100.6500282,14.3538780,10.36 100.6503147,14.3538346,10.35 100.6505895,14.3537546,10.35 100.6508487,14.3536412,10.34 100.6510888,14.3534985,10.34 100.6513074,14.3533312,10.33 100.6515032,14.3531444,10.33 100.6516764,14.3529432,10.32 100.6518285,14.3527322,10.32 100.6519619,14.3525154,10.31 100.6520796,14.3522963,10.31 100.6521852,14.3520777,10.31 100.6522825,14.3518618,10.30 100.6523753,14.3516505,10.30 100.6524671,14.3514451,10.29 100.6525614,14.3512472,10.29 100.6526610,14.3510581,10.28 100.6527684,14.3508792,10.28 100.6528856,14.3507123,10.27 100.6530137,14.3505591,10.27 100.6531533,14.3504216,10.27 100.6533045,14.3503018,10.26 100.6534665,14.3502017,10.26 100.6536376,14.3501232,10.25 100.6538152,14.3500679,10.25 100.6539955,14.3500368,10.24 100.6541742,14.3500311,10.24 100.6543477,14.3500539,10.23 100.6545124,14.3501064,10.23 100.6546658,14.3501866,10.22 100.6548056,14.3502921,10.22 100.6549293,14.3504205,10.22 100.6550354,14.3505687,10.21 100.6551234,14.3507340,10.21 100.6551937,14.3509135,10.20 100.6552480,14.3511052,10.20 100.6552885,14.3513074,10.19 100.6553187,14.3515188,10.19 100.6553424,14.3517388,10.18 100.6553644,14.3519669,10.18 100.6553898,14.3522025,10.18 100.6554243,14.3524449,10.17 100.6554739,14.3526926,10.17 100.6555445,14.3529428,10.16 100.6556416,14.3531918,10.16 100.6557700,14.3534341,10.15 100.6559327,14.3536630,10.15 100.6561310,14.3538704,10.14 100.6563633,14.3540480,10.14 100.6566256,14.3541875,10.13 100.6569105,14.3542816,10.13 100.6572087,14.3543253,10.13 100.6575091,14.3543178,10.12 100.6578022,14.3542614,10.12 100.6580796,14.3541601,10.11 100.6583346,14.3540189,10.11 100.6585621,14.3538442,10.10 100.6587593,14.3536433,10.10 100.6589254,14.3534235,10.09 100.6590618,14.3531916,10.09 100.6591717,14.3529534,10.09 100.6592593,14.3527135,10.08 100.6593295,14.3524756,10.08 100.6593878,14.3522421,10.07 100.6594394,14.3520147,10.07 100.6594894,14.3517945,10.06 100.6595422,14.3515825,10.06 100.6596019,14.3513797,10.05 100.6596720,14.3511873,10.05 100.6597550,14.3510070,10.04 100.6598528,14.3508406,10.04 100.6599663,14.3506906,10.04 100.6600953,14.3505593,10.03 100.6602389,14.3504495,10.03 100.6603953,14.3503636,10.02 100.6605618,14.3503036,10.02 100.6607359,14.3502713,10.01 100.6609171,14.3502672,10.01 100.6611103,14.3502929,10.00 100.6613101,14.3503504,10.00</coordinates></LineString></Placemark>
  <Placemark><name>ตลิ่งขวา</name>
   <ExtendedData><Data name="floodsim_role"><value>bank</value></Data></ExtendedData><Style><LineStyle><color>ff2a6a8a</color><width>2</width></LineStyle></Style>
   <LineString><tessellate>1</tessellate><altitudeMode>clampToGround</altitudeMode>
    <coordinates>100.5500738,14.3496474,13.60 100.5503520,14.3496854,13.60 100.5506308,14.3497915,13.59 100.5508906,14.3499644,13.59 100.5511042,14.3501861,13.58 100.5512637,14.3504365,13.58 100.5513730,14.3506994,13.57 100.5514410,14.3509624,13.57 100.5514793,14.3512173,13.56 100.5514999,14.3514599,13.56 100.5515141,14.3516882,13.55 100.5515319,14.3519017,13.55 100.5515610,14.3520996,13.55 100.5516073,14.3522807,13.54 100.5516740,14.3524425,13.54 100.5517626,14.3525819,13.53 100.5518718,14.3526949,13.53 100.5519993,14.3527780,13.52 100.5521424,14.3528281,13.52 100.5522977,14.3528415,13.51 100.5524593,14.3528222,13.51 100.5526219,14.3527752,13.51 100.5527783,14.3527001,13.50 100.5529230,14.3525992,13.50 100.5530527,14.3524751,13.49 100.5531658,14.3523308,13.49 100.5532617,14.3521690,13.48 100.5533409,14.3519922,13.48 100.5534049,14.3518027,13.47 100.5534561,14.3516022,13.47 100.5534976,14.3513920,13.46 100.5535335,14.3511731,13.46 100.5535684,14.3509460,13.46 100.5536075,14.3507116,13.45 100.5536564,14.3504711,13.45 100.5537209,14.3502264,13.44 100.5538067,14.3499804,13.44 100.5539191,14.3497374,13.43 100.5540623,14.3495029,13.43 100.5542388,14.3492841,13.42 100.5544491,14.3490886,13.42 100.5546912,14.3489247,13.42 100.5549607,14.3487999,13.41 100.5552515,14.3487207,13.41 100.5555561,14.3486918,13.40 100.5558640,14.3487207,13.40 100.5561604,14.3488107,13.39 100.5564306,14.3489558,13.39 100.5566640,14.3491456,13.38 100.5568550,14.3493680,13.38 100.5570033,14.3496109,13.37 100.5571124,14.3498638,13.37 100.5571884,14.3501182,13.37 100.5572392,14.3503684,13.36 100.5572732,14.3506108,13.36 100.5572987,14.3508434,13.35 100.5573233,14.3510651,13.35 100.5573535,14.3512755,13.34 100.5573950,14.3514735,13.34 100.5574517,14.3516577,13.33 100.5575267,14.3518259,13.33 100.5576210,14.3519754,13.33 100.5577346,14.3521028,13.32 100.5578656,14.3522047,13.32 100.5580121,14.3522784,13.31 100.5581729,14.3523211,13.31 100.5583458,14.3523306,13.30 100.5585271,14.3523134,13.30 100.5587125,14.3522751,13.29 100.5588964,14.3522152,13.29 100.5590743,14.3521348,13.28 100.5592442,14.3520354,13.28 100.5594048,14.3519184,13.28 100.5595556,14.3517855,13.27 100.5596965,14.3516384,13.27 100.5598278,14.3514786,13.26 100.5599505,14.3513077,13.26 100.5600657,14.3511272,13.25 100.5601752,14.3509385,13.25 100.5602810,14.3507428,13.24 100.5603855,14.3505413,13.24 100.5604912,14.3503353,13.24 100.5606009,14.3501261,13.23 100.5607175,14.3499153,13.23 100.5608436,14.3497046,13.22 100.5609820,14.3494962,13.22 100.5611350,14.3492926,13.21 100.5613045,14.3490968,13.21 100.5614918,14.3489120,13.20 100.5616976,14.3487419,13.20 100.5619215,14.3485900,13.19 100.5621625,14.3484601,13.19 100.5624185,14.3483555,13.19 100.5626882,14.3482789,13.18 100.5629721,14.3482327,13.18 100.5632707,14.3482232,13.17 100.5635769,14.3482703,13.17 100.5638695,14.3483870,13.16 100.5641271,14.3485636,13.16 100.5643365,14.3487833,13.15 100.5644953,14.3490283,13.15 100.5646084,14.3492837,13.15 100.5646850,14.3495380,13.14 100.5647366,14.3497838,13.14 100.5647750,14.3500171,13.13 100.5648107,14.3502358,13.13 100.5648527,14.3504385,13.12 100.5649077,14.3506239,13.12 100.5649801,14.3507896,13.11 100.5650721,14.3509327,13.11 100.5651833,14.3510496,13.10 100.5653109,14.3511366,13.10 100.5654494,14.3511905,13.10 100.5655915,14.3512103,13.09 100.5657301,14.3511935,13.09 100.5658577,14.3511392,13.08 100.5659686,14.3510509,13.08 100.5660582,14.3509323,13.07 100.5661234,14.3507877,13.07 100.5661629,14.3506214,13.06 100.5661787,14.3504366,13.06 100.5661752,14.3502352,13.06 100.5661596,14.3500175,13.05 100.5661419,14.3497827,13.05 100.5661346,14.3495304,13.04 100.5661521,14.3492622,13.04 100.5662100,14.3489839,13.03 100.5663223,14.3487072,13.03 100.5664984,14.3484498,13.02 100.5667389,14.3482343,13.02 100.5670322,14.3480840,13.01 100.5673551,14.3480155,13.01 100.5676795,14.3480273,13.01 100.5679861,14.3481060,13.00 100.5682633,14.3482405,13.00 100.5685038,14.3484197,12.99 100.5687037,14.3486308,12.99 100.5688637,14.3488615,12.98 100.5689881,14.3491008,12.98 100.5690844,14.3493401,12.97 100.5691613,14.3495737,12.97 100.5692277,14.3497976,12.97 100.5692917,14.3500093,12.96 100.5693605,14.3502070,12.96 100.5694395,14.3503886,12.95 100.5695326,14.3505519,12.95 100.5696417,14.3506939,12.94 100.5697668,14.3508115,12.94 100.5699067,14.3509018,12.93 100.5700594,14.3509621,12.93 100.5702225,14.3509897,12.92 100.5703923,14.3509855,12.92 100.5705643,14.3509531,12.92 100.5707339,14.3508944,12.91 100.5708964,14.3508102,12.91 100.5710489,14.3507027,12.90 100.5711899,14.3505742,12.90 100.5713194,14.3504271,12.89 100.5714381,14.3502638,12.89 100.5715479,14.3500865,12.88 100.5716515,14.3498972,12.88 100.5717526,14.3496978,12.88 100.5718556,14.3494905,12.87 100.5719652,14.3492775,12.87 100.5720865,14.3490616,12.86 100.5722245,14.3488466,12.86 100.5723836,14.3486370,12.85 100.5725671,14.3484385,12.85 100.5727769,14.3482576,12.84 100.5730128,14.3481014,12.84 100.5732723,14.3479768,12.83 100.5735513,14.3478898,12.83 100.5738437,14.3478453,12.83 100.5741423,14.3478475,12.82 100.5744376,14.3478998,12.82 100.5747190,14.3480012,12.81 100.5749771,14.3481468,12.81 100.5752049,14.3483299,12.80 100.5753982,14.3485427,12.80 100.5755551,14.3487772,12.79 100.5756761,14.3490258,12.79 100.5757637,14.3492817,12.79 100.5758216,14.3495397,12.78 100.5758549,14.3497956,12.78 100.5758688,14.3500468,12.77 100.5758688,14.3502916,12.77 100.5758604,14.3505295,12.76 100.5758486,14.3507602,12.76 100.5758383,14.3509839,12.75 100.5758337,14.3512009,12.75 100.5758386,14.3514112,12.74 100.5758565,14.3516141,12.74 100.5758901,14.3518089,12.74 100.5759416,14.3519939,12.73 100.5760123,14.3521671,12.73 100.5761028,14.3523258,12.72 100.5762127,14.3524672,12.72 100.5763409,14.3525882,12.71 100.5764850,14.3526859,12.71 100.5766419,14.3527576,12.70 100.5768075,14.3528012,12.70 100.5769772,14.3528157,12.70 100.5771464,14.3528001,12.69 100.5773103,14.3527545,12.69 100.5774649,14.3526804,12.68 100.5776065,14.3525799,12.68 100.5777325,14.3524558,12.67 100.5778409,14.3523109,12.67 100.5779310,14.3521482,12.66 100.5780035,14.3519705,12.66 100.5780597,14.3517801,12.65 100.5781022,14.3515786,12.65 100.5781344,14.3513674,12.65 100.5781605,14.3511471,12.64 100.5781855,14.3509184,12.64 100.5782149,14.3506818,12.63 100.5782547,14.3504385,12.63 100.5783112,14.3501901,12.62 100.5783905,14.3499400,12.62 100.5784985,14.3496925,12.61 100.5786395,14.3494538,12.61 100.5788162,14.3492316,12.61 100.5790290,14.3490343,12.60 100.5792753,14.3488711,12.60 100.5795488,14.3487503,12.59 100.5798400,14.3486784,12.59 100.5801369,14.3486575,12.58 100.5804292,14.3486820,12.58 100.5807110,14.3487453,12.57 100.5809783,14.3488440,12.57 100.5812278,14.3489743,12.56 100.5814563,14.3491316,12.56 100.5816621,14.3493107,12.56 100.5818450,14.3495063,12.55 100.5820058,14.3497135,12.55 100.5821469,14.3499278,12.54 100.5822711,14.3501455,12.54 100.5823820,14.3503635,12.53 100.5824834,14.3505792,12.53 100.5825793,14.3507908,12.52 100.5826734,14.3509965,12.52 100.5827691,14.3511948,12.52 100.5828696,14.3513844,12.51 100.5829775,14.3515636,12.51 100.5830947,14.3517309,12.50 100.5832227,14.3518844,12.50 100.5833622,14.3520221,12.49 100.5835131,14.3521419,12.49 100.5836746,14.3522418,12.48 100.5838452,14.3523198,12.48 100.5840213,14.3523741,12.47 100.5841968,14.3524040,12.47 100.5843657,14.3524088,12.47 100.5845231,14.3523811,12.46 100.5846644,14.3523177,12.46 100.5847884,14.3522230,12.45 100.5848936,14.3520999,12.45 100.5849785,14.3519517,12.44 100.5850430,14.3517820,12.44 100.5850893,14.3515938,12.43 100.5851222,14.3513889,12.43 100.5851483,14.3511687,12.43 100.5851765,14.3509339,12.42 100.5852173,14.3506863,12.42 100.5852824,14.3504294,12.41 100.5853834,14.3501699,12.41 100.5855300,14.3499185,12.40 100.5857279,14.3496898,12.40 100.5859766,14.3495008,12.39 100.5862682,14.3493682,12.39 100.5865880,14.3493054,12.38 100.5869159,14.3493209,12.38 100.5872289,14.3494148,12.38 100.5875060,14.3495782,12.37 100.5877325,14.3497954,12.37 100.5879019,14.3500477,12.36 100.5880152,14.3503178,12.36 100.5880797,14.3505912,12.35 100.5881061,14.3508582,12.35 100.5881068,14.3511132,12.34 100.5880937,14.3513540,12.34 100.5880777,14.3515805,12.34 100.5880681,14.3517932,12.33 100.5880721,14.3519924,12.33 100.5880954,14.3521774,12.32 100.5881416,14.3523460,12.32 100.5882121,14.3524950,12.31 100.5883062,14.3526202,12.31 100.5884215,14.3527178,12.30 100.5885555,14.3527842,12.30 100.5887057,14.3528151,12.29 100.5888669,14.3528114,12.29 100.5890337,14.3527789,12.29 100.5892001,14.3527197,12.28 100.5893597,14.3526344,12.28 100.5895086,14.3525254,12.27 100.5896450,14.3523951,12.27 100.5897687,14.3522460,12.26 100.5898802,14.3520805,12.26 100.5899814,14.3519009,12.25 100.5900748,14.3517090,12.25 100.5901640,14.3515067,12.25 100.5902533,14.3512958,12.24 100.5903476,14.3510782,12.24 100.5904521,14.3508564,12.23 100.5905721,14.3506334,12.23 100.5907126,14.3504134,12.22 100.5908776,14.3502016,12.22 100.5910698,14.3500045,12.21 100.5912901,14.3498289,12.21 100.5915371,14.3496824,12.20 100.5918072,14.3495718,12.20 100.5920951,14.3495026,12.20 100.5923945,14.3494795,12.19 100.5926962,14.3495083,12.19 100.5929883,14.3495918,12.18 100.5932586,14.3497256,12.18 100.5934978,14.3499021,12.17 100.5937001,14.3501120,12.17 100.5938634,14.3503459,12.16 100.5939885,14.3505946,12.16 100.5940786,14.3508504,12.16 100.5941387,14.3511072,12.15 100.5941748,14.3513605,12.15 100.5941936,14.3516076,12.14 100.5942017,14.3518470,12.14 100.5942052,14.3520782,12.13 100.5942100,14.3523009,12.13 100.5942210,14.3525152,12.12 100.5942428,14.3527205,12.12 100.5942790,14.3529160,12.11 100.5943323,14.3531004,12.11 100.5944047,14.3532713,12.11 100.5944969,14.3534260,12.10 100.5946086,14.3535616,12.10 100.5947384,14.3536746,12.09 100.5948835,14.3537622,12.09 100.5950409,14.3538217,12.08 100.5952069,14.3538511,12.08 100.5953770,14.3538497,12.07 100.5955465,14.3538192,12.07 100.5957108,14.3537608,12.07 100.5958654,14.3536760,12.06 100.5960067,14.3535669,12.06 100.5961323,14.3534362,12.05 100.5962408,14.3532866,12.05 100.5963316,14.3531209,12.04 100.5964052,14.3529415,12.04 100.5964630,14.3527506,12.03 100.5965069,14.3525498,12.03 100.5965398,14.3523403,12.02 100.5965651,14.3521229,12.02 100.5965868,14.3518981,12.02 100.5966092,14.3516662,12.01 100.5966374,14.3514278,12.01 100.5966765,14.3511840,12.00 100.5967317,14.3509363,12.00 100.5968083,14.3506874,11.99 100.5969110,14.3504411,11.99 100.5970436,14.3502024,11.98 100.5972087,14.3499775,11.98 100.5974068,14.3497736,11.98 100.5976367,14.3495979,11.97 100.5978945,14.3494578,11.97 100.5981738,14.3493596,11.96 100.5984659,14.3493079,11.96 100.5987613,14.3493031,11.95 100.5990514,14.3493421,11.95 100.5993300,14.3494210,11.94 100.5995918,14.3495361,11.94 100.5998328,14.3496827,11.93 100.6000501,14.3498549,11.93 100.6002426,14.3500471,11.93 100.6004109,14.3502534,11.92 100.6005569,14.3504685,11.92 100.6006837,14.3506881,11.91 100.6007952,14.3509086,11.91 100.6008955,14.3511269,11.90 100.6009890,14.3513409,11.90 100.6010799,14.3515487,11.89 100.6011721,14.3517487,11.89 100.6012690,14.3519395,11.89 100.6013736,14.3521194,11.88 100.6014880,14.3522866,11.88 100.6016137,14.3524392,11.87 100.6017515,14.3525751,11.87 100.6019011,14.3526920,11.86 100.6020617,14.3527878,11.86 100.6022315,14.3528605,11.85 100.6024077,14.3529085,11.85 100.6025866,14.3529308,11.84 100.6027648,14.3529261,11.84 100.6029387,14.3528929,11.84 100.6031053,14.3528318,11.83 100.6032623,14.3527444,11.83 100.6034080,14.3526330,11.82 100.6035411,14.3524999,11.82 100.6036615,14.3523476,11.81 100.6037704,14.3521788,11.81 100.6038699,14.3519955,11.80 100.6039635,14.3518001,11.80 100.6040554,14.3515943,11.80 100.6041506,14.3513803,11.79 100.6042548,14.3511606,11.79 100.6043739,14.3509384,11.78 100.6045133,14.3507182,11.78 100.6046778,14.3505056,11.77 100.6048707,14.3503074,11.77 100.6050930,14.3501316,11.76 100.6053434,14.3499861,11.76 100.6056188,14.3498783,11.75 100.6059152,14.3498148,11.75 100.6062265,14.3498042,11.75 100.6065399,14.3498608,11.74 100.6068330,14.3499899,11.74 100.6070853,14.3501802,11.73 100.6072846,14.3504145,11.73 100.6074280,14.3506750,11.72 100.6075198,14.3509458,11.72 100.6075688,14.3512152,11.71 100.6075864,14.3514757,11.71 100.6075844,14.3517234,11.71 100.6075743,14.3519572,11.70 100.6075657,14.3521771,11.70 100.6075669,14.3523835,11.69 100.6075843,14.3525761,11.69 100.6076224,14.3527535,11.68 100.6076837,14.3529128,11.68 100.6077687,14.3530506,11.67 100.6078757,14.3531626,11.67 100.6080019,14.3532451,11.66 100.6081448,14.3532948,11.66 100.6083007,14.3533078,11.66 100.6084639,14.3532885,11.65 100.6086291,14.3532421,11.65 100.6087893,14.3531682,11.64 100.6089393,14.3530688,11.64 100.6090761,14.3529465,11.63 100.6091987,14.3528039,11.63 100.6093070,14.3526435,11.62 100.6094021,14.3524678,11.62 100.6094861,14.3522788,11.62 100.6095619,14.3520783,11.61 100.6096337,14.3518679,11.61 100.6097060,14.3516490,11.60 100.6097840,14.3514233,11.60 100.6098735,14.3511930,11.59 100.6099799,14.3509611,11.59 100.6101088,14.3507318,11.58 100.6102644,14.3505105,11.58 100.6104496,14.3503038,11.57 100.6106654,14.3501193,11.57 100.6109103,14.3499648,11.57 100.6111804,14.3498478,11.56 100.6114698,14.3497743,11.56 100.6117709,14.3497492,11.55 100.6120740,14.3497776,11.55 100.6123664,14.3498615,11.54 100.6126359,14.3499952,11.54 100.6128737,14.3501698,11.53 100.6130753,14.3503748,11.53 100.6132406,14.3505999,11.53 100.6133724,14.3508358,11.52 100.6134761,14.3510747,11.52 100.6135587,14.3513112,11.51 100.6136275,14.3515414,11.51 100.6136897,14.3517628,11.50 100.6137520,14.3519734,11.50 100.6138201,14.3521718,11.49 100.6138986,14.3523562,11.49 100.6139907,14.3525246,11.48 100.6140984,14.3526743,11.48 100.6142221,14.3528025,11.48 100.6143607,14.3529062,11.47 100.6145121,14.3529827,11.47 100.6146736,14.3530297,11.46 100.6148421,14.3530452,11.46 100.6150131,14.3530304,11.45 100.6151821,14.3529879,11.45 100.6153444,14.3529183,11.44 100.6154956,14.3528235,11.44 100.6156328,14.3527057,11.44 100.6157541,14.3525676,11.43 100.6158585,14.3524118,11.43 100.6159459,14.3522410,11.42 100.6160171,14.3520574,11.42 100.6160737,14.3518628,11.41 100.6161179,14.3516589,11.41 100.6161529,14.3514466,11.40 100.6161821,14.3512266,11.40 100.6162096,14.3509996,11.39 100.6162400,14.3507659,11.39 100.6162780,14.3505264,11.39 100.6163288,14.3502823,11.38 100.6163975,14.3500358,11.38 100.6164888,14.3497899,11.37 100.6166070,14.3495488,11.37 100.6167553,14.3493178,11.36 100.6169354,14.3491034,11.36 100.6171472,14.3489123,11.35 100.6173885,14.3487518,11.35 100.6176548,14.3486286,11.35 100.6179388,14.3485481,11.34 100.6182318,14.3485139,11.34 100.6185246,14.3485244,11.33 100.6188103,14.3485755,11.33 100.6190835,14.3486643,11.32 100.6193398,14.3487874,11.32 100.6195753,14.3489407,11.31 100.6197873,14.3491191,11.31 100.6199743,14.3493175,11.30 100.6201365,14.3495307,11.30 100.6202750,14.3497542,11.30 100.6203922,14.3499837,11.29 100.6204909,14.3502159,11.29 100.6205748,14.3504480,11.28 100.6206475,14.3506779,11.28 100.6207130,14.3509042,11.27 100.6207750,14.3511257,11.27 100.6208371,14.3513413,11.26 100.6209026,14.3515502,11.26 100.6209744,14.3517514,11.26 100.6210552,14.3519438,11.25 100.6211469,14.3521260,11.25 100.6212512,14.3522965,11.24 100.6213688,14.3524534,11.24 100.6215001,14.3525947,11.23 100.6216447,14.3527182,11.23 100.6218015,14.3528218,11.22 100.6219689,14.3529037,11.22 100.6221449,14.3529621,11.21 100.6223276,14.3529958,11.21 100.6225150,14.3530040,11.21 100.6227044,14.3529884,11.20 100.6228931,14.3529510,11.20 100.6230781,14.3528922,11.19 100.6232570,14.3528130,11.19 100.6234282,14.3527148,11.18 100.6235906,14.3525990,11.18 100.6237439,14.3524674,11.17 100.6238880,14.3523215,11.17 100.6240234,14.3521630,11.17 100.6241513,14.3519936,11.16 100.6242731,14.3518147,11.16 100.6243906,14.3516278,11.15 100.6245063,14.3514343,11.15 100.6246225,14.3512357,11.14 100.6247420,14.3510333,11.14 100.6248678,14.3508289,11.13 100.6250026,14.3506245,11.13 100.6251491,14.3504224,11.12 100.6253098,14.3502251,11.12 100.6254865,14.3500359,11.12 100.6256807,14.3498580,11.11 100.6258928,14.3496953,11.11 100.6261226,14.3495516,11.10 100.6263685,14.3494305,11.10 100.6266288,14.3493354,11.09 100.6269018,14.3492689,11.09 100.6271862,14.3492337,11.08 100.6274798,14.3492369,11.08 100.6277742,14.3492895,11.08 100.6280553,14.3493944,11.07 100.6283109,14.3495444,11.07 100.6285336,14.3497292,11.06 100.6287213,14.3499378,11.06 100.6288763,14.3501601,11.05 100.6290034,14.3503876,11.05 100.6291094,14.3506138,11.04 100.6292018,14.3508339,11.04 100.6292879,14.3510446,11.03 100.6293744,14.3512433,11.03 100.6294667,14.3514278,11.03 100.6295692,14.3515958,11.02 100.6296844,14.3517446,11.02 100.6298135,14.3518715,11.01 100.6299558,14.3519735,11.01 100.6301098,14.3520482,11.00 100.6302737,14.3520933,11.00 100.6304450,14.3521067,10.99 100.6306198,14.3520908,10.99 100.6307940,14.3520492,10.99 100.6309629,14.3519819,10.98 100.6311224,14.3518907,10.98 100.6312697,14.3517775,10.97 100.6314033,14.3516446,10.97 100.6315223,14.3514942,10.96 100.6316267,14.3513287,10.96 100.6317171,14.3511501,10.95 100.6317949,14.3509604,10.95 100.6318621,14.3507608,10.94 100.6319214,14.3505529,10.94 100.6319760,14.3503374,10.94 100.6320294,14.3501152,10.93 100.6320856,14.3498873,10.93 100.6321488,14.3496548,10.92 100.6322233,14.3494192,10.92 100.6323135,14.3491827,10.91 100.6324235,14.3489480,10.91 100.6325567,14.3487191,10.90 100.6327157,14.3485005,10.90 100.6329021,14.3482976,10.90 100.6331157,14.3481162,10.89 100.6333549,14.3479623,10.89 100.6336168,14.3478411,10.88 100.6338988,14.3477572,10.88 100.6341985,14.3477152,10.87 100.6345107,14.3477281,10.87 100.6348189,14.3478119,10.86 100.6350985,14.3479662,10.86 100.6353308,14.3481758,10.85 100.6355075,14.3484206,10.85 100.6356306,14.3486824,10.85 100.6357086,14.3489465,10.84 100.6357536,14.3492032,10.84 100.6357785,14.3494473,10.83 100.6357958,14.3496762,10.83 100.6358161,14.3498892,10.82 100.6358478,14.3500855,10.82 100.6358968,14.3502636,10.81 100.6359666,14.3504211,10.81 100.6360582,14.3505545,10.81 100.6361699,14.3506600,10.80 100.6362987,14.3507339,10.80 100.6364402,14.3507730,10.79 100.6365885,14.3507758,10.79 100.6367371,14.3507440,10.78 100.6368796,14.3506796,10.78 100.6370097,14.3505844,10.77 100.6371231,14.3504616,10.77 100.6372175,14.3503148,10.76 100.6372929,14.3501474,10.76 100.6373510,14.3499622,10.76 100.6373954,14.3497615,10.75 100.6374318,14.3495467,10.75 100.6374673,14.3493189,10.74 100.6375103,14.3490794,10.74 100.6375704,14.3488308,10.73 100.6376576,14.3485775,10.73 100.6377811,14.3483268,10.72 100.6379475,14.3480892,10.72 100.6381601,14.3478778,10.72 100.6384158,14.3477071,10.71 100.6387047,14.3475909,10.71 100.6390102,14.3475381,10.70 100.6393145,14.3475441,10.70 100.6396074,14.3475974,10.69 100.6398837,14.3476920,10.69 100.6401397,14.3478232,10.68 100.6403719,14.3479860,10.68 100.6405774,14.3481743,10.67 100.6407555,14.3483819,10.67 100.6409067,14.3486030,10.67 100.6410334,14.3488321,10.66 100.6411388,14.3490649,10.66 100.6412270,14.3492980,10.65 100.6413024,14.3495287,10.65 100.6413695,14.3497549,10.64 100.6414328,14.3499755,10.64 100.6414965,14.3501890,10.63 100.6415644,14.3503946,10.63 100.6416398,14.3505911,10.63 100.6417254,14.3507770,10.62 100.6418233,14.3509508,10.62 100.6419349,14.3511105,10.61 100.6420606,14.3512538,10.61 100.6422004,14.3513785,10.60 100.6423530,14.3514822,10.60 100.6425166,14.3515628,10.59 100.6426886,14.3516183,10.59 100.6428653,14.3516476,10.58 100.6430432,14.3516497,10.58 100.6432186,14.3516236,10.58 100.6433881,14.3515697,10.57 100.6435490,14.3514894,10.57 100.6436992,14.3513847,10.56 100.6438371,14.3512579,10.56 100.6439623,14.3511116,10.55 100.6440754,14.3509482,10.55 100.6441781,14.3507699,10.54 100.6442733,14.3505790,10.54 100.6443646,14.3503773,10.54 100.6444567,14.3501667,10.53 100.6445546,14.3499493,10.53 100.6446640,14.3497279,10.52 100.6447902,14.3495059,10.52 100.6449385,14.3492881,10.51 100.6451127,14.3490804,10.51 100.6453152,14.3488896,10.50 100.6455463,14.3487234,10.50 100.6458035,14.3485895,10.49 100.6460821,14.3484949,10.49 100.6463750,14.3484448,10.49 100.6466735,14.3484425,10.48 100.6469684,14.3484890,10.48 100.6472503,14.3485825,10.47 100.6475109,14.3487186,10.47 100.6477441,14.3488910,10.46 100.6479458,14.3490929,10.46 100.6481142,14.3493167,10.45 100.6482495,14.3495554,10.45 100.6483539,14.3498028,10.45 100.6484310,14.3500536,10.44 100.6484851,14.3503038,10.44 100.6485213,14.3505506,10.43 100.6485447,14.3507923,10.43 100.6485606,14.3510277,10.42 100.6485737,14.3512565,10.42 100.6485887,14.3514783,10.41 100.6486096,14.3516928,10.41 100.6486401,14.3518996,10.40 100.6486832,14.3520979,10.40 100.6487414,14.3522862,10.40 100.6488165,14.3524629,10.39 100.6489094,14.3526256,10.39 100.6490203,14.3527718,10.38 100.6491484,14.3528988,10.38 100.6492920,14.3530036,10.37 100.6494488,14.3530840,10.37 100.6496162,14.3531378,10.36 100.6497916,14.3531632,10.36 100.6499716,14.3531606,10.36 100.6501527,14.3531325,10.35 100.6503312,14.3530800,10.35 100.6505033,14.3530043,10.34 100.6506664,14.3529067,10.34 100.6508190,14.3527892,10.33 100.6509601,14.3526537,10.33 100.6510896,14.3525023,10.32 100.6512080,14.3523369,10.32 100.6513165,14.3521594,10.31 100.6514169,14.3519715,10.31 100.6515117,14.3517745,10.31 100.6516037,14.3515700,10.30 100.6516962,14.3513593,10.30 100.6517927,14.3511439,10.29 100.6518971,14.3509255,10.29 100.6520132,14.3507063,10.28 100.6521444,14.3504891,10.28 100.6522941,14.3502772,10.27 100.6524647,14.3500745,10.27 100.6526578,14.3498857,10.27 100.6528736,14.3497158,10.26 100.6531112,14.3495699,10.26 100.6533682,14.3494527,10.25 100.6536416,14.3493684,10.25 100.6539277,14.3493204,10.24 100.6542222,14.3493131,10.24 100.6545176,14.3493535,10.23 100.6548027,14.3494442,10.23 100.6550665,14.3495808,10.22 100.6553010,14.3497561,10.22 100.6555015,14.3499619,10.22 100.6556666,14.3501896,10.21 100.6557971,14.3504313,10.21 100.6558962,14.3506800,10.20 100.6559683,14.3509303,10.20 100.6560191,14.3511782,10.19 100.6560544,14.3514210,10.19 100.6560803,14.3516572,10.18 100.6561023,14.3518857,10.18 100.6561258,14.3521063,10.18 100.6561554,14.3523183,10.17 100.6561951,14.3525211,10.17 100.6562484,14.3527135,10.16 100.6563176,14.3528939,10.16 100.6564044,14.3530602,10.15 100.6565093,14.3532096,10.15 100.6566320,14.3533394,10.14 100.6567707,14.3534465,10.14 100.6569232,14.3535283,10.13 100.6570862,14.3535825,10.13 100.6572562,14.3536074,10.13 100.6574290,14.3536025,10.12 100.6576002,14.3535691,10.12 100.6577656,14.3535081,10.11 100.6579213,14.3534212,10.11 100.6580643,14.3533104,10.10 100.6581927,14.3531782,10.10 100.6583054,14.3530274,10.09 100.6584025,14.3528604,10.09 100.6584850,14.3526795,10.09 100.6585545,14.3524867,10.08 100.6586139,14.3522834,10.08 100.6586665,14.3520711,10.07 100.6587164,14.3518505,10.07 100.6587682,14.3516228,10.06 100.6588269,14.3513890,10.06 100.6588978,14.3511510,10.05 100.6589863,14.3509112,10.05 100.6590972,14.3506731,10.04 100.6592349,14.3504416,10.04 100.6594024,14.3502224,10.04 100.6596009,14.3500225,10.03 100.6598297,14.3498492,10.03 100.6600856,14.3497097,10.02 100.6603630,14.3496104,10.02 100.6606539,14.3495562,10.01 100.6609460,14.3495483,10.01 100.6612223,14.3495816,10.00 100.6614778,14.3496496,10.00</coordinates></LineString></Placemark>
  <Placemark><name>ขอบที่ราบน้ำท่วมซ้าย</name>
   <ExtendedData><Data name="floodsim_role"><value>floodplain</value></Data></ExtendedData><Style><LineStyle><color>ff2aa02a</color><width>2</width></LineStyle></Style>
   <LineString><tessellate>1</tessellate><altitudeMode>clampToGround</altitudeMode>
    <coordinates>100.5491885,14.3538781,13.60 100.5489487,14.3537825,13.60 100.5485347,14.3536007,13.59 100.5480148,14.3532616,13.59 100.5475930,14.3528439,13.58 100.5473166,14.3524394,13.58 100.5471604,14.3521061,13.57 100.5470885,14.3518861,13.57 100.5470652,14.3518065,13.56 100.5470654,14.3518814,13.56 100.5470804,14.3521167,13.55 100.5471208,14.3525114,13.55 100.5472161,14.3530565,13.55 100.5474105,14.3537310,13.54 100.5477547,14.3544960,13.54 100.5482943,14.3552919,13.53 100.5490545,14.3560392,13.53 100.5500198,14.3566454,13.52 100.5511173,14.3570291,13.52 100.5522353,14.3571578,13.51 100.5532802,14.3570651,13.51 100.5542173,14.3568057,13.51 100.5550454,14.3564163,13.50 100.5557637,14.3559248,13.50 100.5563651,14.3553624,13.49 100.5568463,14.3547640,13.49 100.5572139,14.3541625,13.48 100.5574818,14.3535862,13.48 100.5576683,14.3530574,13.47 100.5577930,14.3525924,13.47 100.5578742,14.3522022,13.46 100.5579268,14.3518933,13.46 100.5579612,14.3516691,13.46 100.5579824,14.3515301,13.45 100.5579900,14.3514749,13.45 100.5579785,14.3514995,13.44 100.5579383,14.3515969,13.44 100.5578575,14.3517564,13.43 100.5577235,14.3519633,13.43 100.5575258,14.3521984,13.42 100.5572582,14.3524394,13.42 100.5569208,14.3526622,13.42 100.5565176,14.3528446,13.41 100.5560516,14.3529672,13.41 100.5555281,14.3530085,13.40 100.5549690,14.3529495,13.40 100.5544185,14.3527839,13.39 100.5539274,14.3525270,13.39 100.5535306,14.3522147,13.38 100.5532386,14.3518897,13.38 100.5530442,14.3515914,13.37 100.5529303,14.3513532,13.37 100.5528749,14.3512003,13.37 100.5528569,14.3511495,13.36 100.5528607,14.3512109,13.36 100.5528787,14.3513894,13.35 100.5529138,14.3516858,13.35 100.5529792,14.3520970,13.34 100.5530976,14.3526142,13.34 100.5532985,14.3532210,13.33 100.5536138,14.3538909,13.33 100.5540723,14.3545858,13.33 100.5546925,14.3552569,13.32 100.5554751,14.3558476,13.32 100.5563880,14.3562982,13.31 100.5573567,14.3565648,13.31 100.5582882,14.3566470,13.30 100.5591236,14.3565912,13.30 100.5598636,14.3564453,13.29 100.5605345,14.3562296,13.29 100.5611525,14.3559533,13.28 100.5617172,14.3556262,13.28 100.5622231,14.3552620,13.28 100.5626678,14.3548747,13.27 100.5630522,14.3544783,13.27 100.5633795,14.3540853,13.26 100.5636546,14.3537071,13.26 100.5638834,14.3533531,13.25 100.5640724,14.3530311,13.25 100.5642275,14.3527468,13.24 100.5643539,14.3525043,13.24 100.5644554,14.3523062,13.24 100.5645346,14.3521536,13.23 100.5645925,14.3520462,13.23 100.5646286,14.3519823,13.22 100.5646414,14.3519591,13.22 100.5646284,14.3519722,13.21 100.5645871,14.3520159,13.21 100.5645148,14.3520833,13.20 100.5644101,14.3521666,13.20 100.5642725,14.3522570,13.19 100.5641033,14.3523458,13.19 100.5639040,14.3524253,13.19 100.5636617,14.3524913,13.18 100.5633384,14.3525348,13.18 100.5628927,14.3525244,13.17 100.5623335,14.3524156,13.17 100.5617410,14.3521794,13.16 100.5612203,14.3518353,13.16 100.5608326,14.3514499,13.15 100.5605824,14.3510932,13.15 100.5604442,14.3508195,13.15 100.5603845,14.3506676,13.14 100.5603740,14.3506616,13.14 100.5603957,14.3508135,13.13 100.5604507,14.3511256,13.13 100.5605588,14.3515915,13.12 100.5607566,14.3521926,13.12 100.5610899,14.3528943,13.11 100.5616031,14.3536418,13.11 100.5623249,14.3543611,13.10 100.5632585,14.3549681,13.10 100.5643793,14.3553809,13.10 100.5656324,14.3555268,13.09 100.5669242,14.3553524,13.09 100.5681262,14.3548547,13.08 100.5691202,14.3541024,13.08 100.5698437,14.3532092,13.07 100.5702994,14.3522930,13.07 100.5705361,14.3514488,13.06 100.5706234,14.3507408,13.06 100.5706308,14.3502041,13.06 100.5706121,14.3498532,13.05 100.5705967,14.3496916,13.05 100.5705862,14.3497167,13.04 100.5705559,14.3499196,13.04 100.5704605,14.3502791,13.03 100.5702449,14.3507548,13.03 100.5698610,14.3512821,13.02 100.5692906,14.3517731,13.02 100.5685719,14.3521348,13.01 100.5677978,14.3523108,13.01 100.5670669,14.3523030,13.01 100.5664373,14.3521536,13.00 100.5659234,14.3519141,13.00 100.5655239,14.3516290,12.99 100.5652360,14.3513416,12.99 100.5650506,14.3510949,12.98 100.5649500,14.3509254,12.98 100.5649139,14.3508598,12.97 100.5649259,14.3509143,12.97 100.5649785,14.3510969,12.97 100.5650761,14.3514075,12.96 100.5652350,14.3518381,12.96 100.5654813,14.3523709,12.95 100.5658458,14.3529761,12.95 100.5663569,14.3536106,12.94 100.5670320,14.3542195,12.94 100.5678662,14.3547393,12.93 100.5688198,14.3551085,12.93 100.5698211,14.3552889,12.92 100.5707942,14.3552846,12.92 100.5716932,14.3551290,12.92 100.5725048,14.3548555,12.91 100.5732253,14.3544903,12.91 100.5738497,14.3540599,12.90 100.5743736,14.3535943,12.90 100.5747991,14.3531234,12.89 100.5751348,14.3526739,12.89 100.5753931,14.3522675,12.88 100.5755874,14.3519206,12.88 100.5757297,14.3516444,12.88 100.5758285,14.3514450,12.87 100.5758882,14.3513244,12.87 100.5759087,14.3512802,12.86 100.5758863,14.3513061,12.86 100.5758144,14.3513913,12.85 100.5756863,14.3515211,12.85 100.5754967,14.3516769,12.84 100.5752443,14.3518378,12.84 100.5749325,14.3519827,12.83 100.5745670,14.3520929,12.83 100.5741553,14.3521514,12.83 100.5737109,14.3521440,12.82 100.5732572,14.3520623,12.82 100.5728239,14.3519080,12.81 100.5724377,14.3516939,12.81 100.5721148,14.3514399,12.80 100.5718615,14.3511685,12.80 100.5716761,14.3509013,12.79 100.5715514,14.3506585,12.79 100.5714762,14.3504569,12.79 100.5714373,14.3503093,12.78 100.5714212,14.3502252,12.78 100.5714162,14.3502106,12.77 100.5714131,14.3502692,12.77 100.5714065,14.3504034,12.76 100.5713954,14.3506142,12.76 100.5713833,14.3509020,12.75 100.5713784,14.3512662,12.75 100.5713932,14.3517050,12.74 100.5714440,14.3522136,12.74 100.5715496,14.3527842,12.74 100.5717303,14.3534042,12.73 100.5720054,14.3540553,12.73 100.5723910,14.3547140,12.72 100.5728976,14.3553515,12.72 100.5735276,14.3559358,12.71 100.5742739,14.3564336,12.71 100.5751196,14.3568146,12.70 100.5760398,14.3570534,12.70 100.5770025,14.3571324,12.70 100.5779692,14.3570426,12.69 100.5788971,14.3567883,12.69 100.5797457,14.3563887,12.68 100.5804849,14.3558751,12.68 100.5810979,14.3552848,12.67 100.5815814,14.3546566,12.67 100.5819429,14.3540264,12.66 100.5821987,14.3534251,12.66 100.5823694,14.3528764,12.65 100.5824771,14.3523974,12.65 100.5825422,14.3519993,12.65 100.5825811,14.3516884,12.64 100.5826051,14.3514676,12.64 100.5826190,14.3513375,12.63 100.5826216,14.3512960,12.63 100.5826062,14.3513390,12.62 100.5825614,14.3514588,12.62 100.5824731,14.3516436,12.61 100.5823269,14.3518770,12.61 100.5821109,14.3521377,12.61 100.5818185,14.3524005,12.60 100.5814511,14.3526381,12.60 100.5810252,14.3528232,12.59 100.5805752,14.3529360,12.59 100.5801430,14.3529742,12.58 100.5797574,14.3529494,12.58 100.5794241,14.3528781,12.57 100.5791367,14.3527747,12.57 100.5788916,14.3526502,12.56 100.5786912,14.3525166,12.56 100.5785376,14.3523882,12.56 100.5784299,14.3522791,12.55 100.5783647,14.3522016,12.55 100.5783370,14.3521664,12.54 100.5783421,14.3521817,12.54 100.5783760,14.3522534,12.53 100.5784363,14.3523851,12.53 100.5785234,14.3525780,12.52 100.5786401,14.3528311,12.52 100.5787921,14.3531413,12.52 100.5789872,14.3535025,12.51 100.5792348,14.3539060,12.51 100.5795448,14.3543399,12.50 100.5799263,14.3547888,12.50 100.5803861,14.3552347,12.49 100.5809269,14.3556571,12.49 100.5815469,14.3560345,12.48 100.5822409,14.3563470,12.48 100.5830128,14.3565788,12.47 100.5838827,14.3567100,12.47 100.5848655,14.3566982,12.47 100.5859226,14.3564794,12.46 100.5869476,14.3560247,12.46 100.5878279,14.3553794,12.45 100.5885030,14.3546310,12.45 100.5889714,14.3538675,12.44 100.5892658,14.3531594,12.44 100.5894326,14.3525575,12.43 100.5895182,14.3520932,12.43 100.5895588,14.3517824,12.43 100.5895738,14.3516306,12.42 100.5895640,14.3516354,12.42 100.5895124,14.3517859,12.41 100.5893892,14.3520602,12.41 100.5891599,14.3524221,12.40 100.5887964,14.3528198,12.40 100.5882880,14.3531913,12.39 100.5876474,14.3534729,12.39 100.5869127,14.3536107,12.38 100.5861439,14.3535723,12.38 100.5854131,14.3533569,12.38 100.5847862,14.3529975,12.37 100.5843048,14.3525534,12.37 100.5839777,14.3520925,12.36 100.5837861,14.3516772,12.36 100.5836943,14.3513554,12.35 100.5836612,14.3511591,12.35 100.5836510,14.3511060,12.34 100.5836406,14.3512048,12.34 100.5836237,14.3514591,12.34 100.5836130,14.3518687,12.33 100.5836391,14.3524284,12.33 100.5837479,14.3531231,12.32 100.5839934,14.3539219,12.32 100.5844274,14.3547732,12.31 100.5850863,14.3556041,12.31 100.5859722,14.3563239,12.30 100.5870305,14.3568403,12.30 100.5881509,14.3570982,12.29 100.5892179,14.3571147,12.29 100.5901725,14.3569523,12.29 100.5910120,14.3566634,12.28 100.5917476,14.3562789,12.28 100.5923812,14.3558252,12.27 100.5929098,14.3553328,12.27 100.5933357,14.3548330,12.26 100.5936684,14.3543534,12.26 100.5939214,14.3539167,12.25 100.5941097,14.3535402,12.25 100.5942468,14.3532355,12.25 100.5943429,14.3530095,12.24 100.5944037,14.3528650,12.24 100.5944303,14.3528007,12.23 100.5944191,14.3528115,12.23 100.5943634,14.3528882,12.22 100.5942549,14.3530174,12.22 100.5940863,14.3531816,12.21 100.5938532,14.3533600,12.21 100.5935566,14.3535304,12.20 100.5932005,14.3536720,12.20 100.5927887,14.3537667,12.20 100.5923273,14.3537957,12.19 100.5918349,14.3537436,12.19 100.5913463,14.3536048,12.18 100.5909009,14.3533885,12.18 100.5905265,14.3531189,12.17 100.5902344,14.3528252,12.17 100.5900236,14.3525358,12.16 100.5898850,14.3522768,12.16 100.5898043,14.3520698,12.16 100.5897648,14.3519309,12.15 100.5897504,14.3518712,12.15 100.5897480,14.3518978,12.14 100.5897493,14.3520145,12.14 100.5897520,14.3522233,12.13 100.5897602,14.3525245,12.13 100.5897846,14.3529164,12.12 100.5898417,14.3533947,12.12 100.5899531,14.3539509,12.11 100.5901430,14.3545706,12.11 100.5904354,14.3552326,12.11 100.5908511,14.3559078,12.10 100.5914035,14.3565603,12.10 100.5920950,14.3571497,12.09 100.5929137,14.3576342,12.09 100.5938302,14.3579761,12.08 100.5947986,14.3581496,12.08 100.5957680,14.3581498,12.07 100.5966969,14.3579896,12.07 100.5975580,14.3576891,12.07 100.5983321,14.3572709,12.06 100.5990038,14.3567611,12.06 100.5995637,14.3561899,12.05 100.6000105,14.3555880,12.05 100.6003509,14.3549841,12.04 100.6005979,14.3544030,12.04 100.6007680,14.3538641,12.03 100.6008791,14.3533820,12.03 100.6009485,14.3529665,12.02 100.6009908,14.3526237,12.02 100.6010173,14.3523570,12.02 100.6010348,14.3521675,12.01 100.6010459,14.3520550,12.01 100.6010483,14.3520176,12.00 100.6010362,14.3520517,12.00 100.6010001,14.3521510,11.99 100.6009291,14.3523068,11.99 100.6008117,14.3525064,11.98 100.6006379,14.3527339,11.98 100.6004011,14.3529703,11.98 100.6001000,14.3531950,11.97 100.5997402,14.3533868,11.97 100.5993378,14.3535265,11.96 100.5989185,14.3536023,11.96 100.5985100,14.3536130,11.95 100.5981318,14.3535659,11.95 100.5977930,14.3534729,11.94 100.5974981,14.3533466,11.94 100.5972513,14.3532011,11.93 100.5970563,14.3530521,11.93 100.5969136,14.3529163,11.93 100.5968201,14.3528093,11.92 100.5967706,14.3527443,11.92 100.5967590,14.3527319,11.91 100.5967799,14.3527799,11.91 100.5968298,14.3528932,11.90 100.5969081,14.3530739,11.90 100.5970173,14.3533216,11.89 100.5971633,14.3536331,11.89 100.5973548,14.3540021,11.89 100.5976027,14.3544189,11.88 100.5979183,14.3548700,11.88 100.5983122,14.3553381,11.87 100.5987921,14.3558022,11.87 100.5993611,14.3562387,11.86 100.6000161,14.3566228,11.86 100.6007485,14.3569312,11.85 100.6015466,14.3571438,11.85 100.6023963,14.3572436,11.84 100.6032759,14.3572143,11.84 100.6041501,14.3570470,11.84 100.6049758,14.3567497,11.83 100.6057161,14.3563476,11.83 100.6063494,14.3558755,11.82 100.6068691,14.3553702,11.82 100.6072801,14.3548664,11.81 100.6075945,14.3543943,11.81 100.6078283,14.3539775,11.80 100.6079977,14.3536328,11.80 100.6081161,14.3533712,11.80 100.6081922,14.3531978,11.79 100.6082289,14.3531128,11.79 100.6082238,14.3531117,11.78 100.6081699,14.3531849,11.78 100.6080583,14.3533178,11.77 100.6078804,14.3534906,11.77 100.6076311,14.3536795,11.76 100.6073097,14.3538598,11.76 100.6069117,14.3540093,11.75 100.6064230,14.3541035,11.75 100.6058361,14.3541044,11.75 100.6051839,14.3539728,11.74 100.6045451,14.3536941,11.74 100.6040048,14.3532991,11.73 100.6036080,14.3528533,11.73 100.6033542,14.3524236,11.72 100.6032160,14.3520637,11.72 100.6031559,14.3518125,11.71 100.6031363,14.3516939,11.71 100.6031287,14.3517208,11.71 100.6031189,14.3518989,11.70 100.6031103,14.3522299,11.70 100.6031240,14.3527109,11.69 100.6031974,14.3533322,11.69 100.6033793,14.3540713,11.68 100.6037216,14.3548877,11.68 100.6042677,14.3557208,11.67 100.6050389,14.3564914,11.67 100.6060145,14.3571087,11.66 100.6071161,14.3574949,11.66 100.6082276,14.3576239,11.66 100.6092558,14.3575365,11.65 100.6101705,14.3572923,11.65 100.6109762,14.3569293,11.64 100.6116760,14.3564754,11.64 100.6122651,14.3559614,11.63 100.6127417,14.3554216,11.63 100.6131131,14.3548880,11.62 100.6133930,14.3543875,11.62 100.6135981,14.3539413,11.62 100.6137453,14.3535644,11.61 100.6138490,14.3532667,11.61 100.6139193,14.3530534,11.60 100.6139611,14.3529260,11.60 100.6139738,14.3528823,11.59 100.6139523,14.3529166,11.59 100.6138877,14.3530189,11.58 100.6137699,14.3531751,11.58 100.6135896,14.3533666,11.57 100.6133412,14.3535710,11.57 100.6130250,14.3537645,11.57 100.6126457,14.3539245,11.56 100.6122094,14.3540312,11.56 100.6117264,14.3540657,11.55 100.6112195,14.3540142,11.55 100.6107264,14.3538752,11.54 100.6102879,14.3536639,11.54 100.6099315,14.3534116,11.53 100.6096660,14.3531542,11.53 100.6094870,14.3529259,11.53 100.6093817,14.3527560,11.52 100.6093345,14.3526668,11.52 100.6093307,14.3526738,11.51 100.6093609,14.3527859,11.51 100.6094229,14.3530067,11.50 100.6095234,14.3533342,11.50 100.6096773,14.3537611,11.49 100.6099061,14.3542728,11.49 100.6102344,14.3548463,11.48 100.6106852,14.3554492,11.48 100.6112748,14.3560400,11.48 100.6120064,14.3565712,11.47 100.6128644,14.3569935,11.47 100.6138090,14.3572644,11.46 100.6147832,14.3573615,11.46 100.6157328,14.3572905,11.45 100.6166241,14.3570723,11.45 100.6174389,14.3567284,11.44 100.6181632,14.3562811,11.44 100.6187848,14.3557568,11.44 100.6192974,14.3551849,11.43 100.6197027,14.3545944,11.43 100.6200097,14.3540114,11.42 100.6202319,14.3534576,11.42 100.6203857,14.3529503,11.41 100.6204880,14.3525016,11.41 100.6205541,14.3521199,11.40 100.6205970,14.3518101,11.40 100.6206257,14.3515748,11.39 100.6206451,14.3514148,11.39 100.6206561,14.3513291,11.39 100.6206551,14.3513153,11.38 100.6206355,14.3513688,11.38 100.6205877,14.3514826,11.37 100.6205012,14.3516468,11.37 100.6203656,14.3518478,11.36 100.6201729,14.3520693,11.36 100.6199187,14.3522924,11.35 100.6196039,14.3524972,11.35 100.6192373,14.3526638,11.35 100.6188388,14.3527759,11.34 100.6184362,14.3528261,11.34 100.6180539,14.3528170,11.33 100.6177046,14.3527572,11.33 100.6173912,14.3526576,11.32 100.6171156,14.3525279,11.32 100.6168813,14.3523790,11.31 100.6166917,14.3522240,11.31 100.6165472,14.3520761,11.30 100.6164450,14.3519481,11.30 100.6163804,14.3518513,11.30 100.6163477,14.3517950,11.29 100.6163406,14.3517867,11.29 100.6163541,14.3518316,11.28 100.6163844,14.3519335,11.28 100.6164299,14.3520943,11.27 100.6164916,14.3523146,11.27 100.6165729,14.3525935,11.26 100.6166800,14.3529283,11.26 100.6168211,14.3533147,11.26 100.6170063,14.3537459,11.25 100.6172463,14.3542125,11.25 100.6175515,14.3547023,11.24 100.6179313,14.3552000,11.24 100.6183918,14.3556876,11.23 100.6189354,14.3561453,11.23 100.6195597,14.3565524,11.22 100.6202563,14.3568888,11.22 100.6210083,14.3571360,11.21 100.6217885,14.3572808,11.21 100.6225649,14.3573204,11.21 100.6233122,14.3572648,11.20 100.6240197,14.3571275,11.20 100.6246840,14.3569188,11.19 100.6253010,14.3566488,11.19 100.6258639,14.3563295,11.18 100.6263674,14.3559750,11.18 100.6268094,14.3556002,11.17 100.6271908,14.3552190,11.17 100.6275151,14.3548447,11.17 100.6277874,14.3544886,11.16 100.6280137,14.3541602,11.16 100.6282002,14.3538668,11.15 100.6283523,14.3536139,11.15 100.6284746,14.3534053,11.14 100.6285700,14.3532426,11.14 100.6286402,14.3531262,11.13 100.6286852,14.3530547,11.13 100.6287038,14.3530251,11.12 100.6286940,14.3530331,11.12 100.6286534,14.3530725,11.12 100.6285797,14.3531362,11.11 100.6284718,14.3532155,11.11 100.6283297,14.3533015,11.10 100.6281555,14.3533849,11.10 100.6279493,14.3534582,11.09 100.6277008,14.3535157,11.09 100.6273883,14.3535460,11.08 100.6269994,14.3535284,11.08 100.6265560,14.3534418,11.08 100.6261130,14.3532794,11.07 100.6257271,14.3530613,11.07 100.6254291,14.3528258,11.06 100.6252232,14.3526117,11.06 100.6251005,14.3524522,11.05 100.6250471,14.3523736,11.05 100.6250500,14.3523937,11.04 100.6251012,14.3525228,11.04 100.6252007,14.3527637,11.03 100.6253577,14.3531118,11.03 100.6255893,14.3535545,11.03 100.6259180,14.3540699,11.02 100.6263664,14.3546258,11.02 100.6269514,14.3551800,11.01 100.6276777,14.3556835,11.01 100.6285286,14.3560840,11.00 100.6294590,14.3563373,11.00 100.6304052,14.3564232,10.99 100.6313121,14.3563551,10.99 100.6321544,14.3561598,10.99 100.6329256,14.3558573,10.98 100.6336200,14.3554655,10.98 100.6342287,14.3550050,10.97 100.6347452,14.3544997,10.97 100.6351697,14.3539737,10.96 100.6355078,14.3534491,10.96 100.6357694,14.3529449,10.95 100.6359666,14.3524768,10.95 100.6361124,14.3520566,10.94 100.6362190,14.3516927,10.94 100.6362970,14.3513909,10.94 100.6363542,14.3511542,10.93 100.6363952,14.3509840,10.93 100.6364213,14.3508798,10.92 100.6364310,14.3508396,10.92 100.6364195,14.3508593,10.91 100.6363804,14.3509327,10.91 100.6363062,14.3510513,10.90 100.6361895,14.3512040,10.90 100.6360245,14.3513772,10.90 100.6358081,14.3515558,10.89 100.6355409,14.3517238,10.89 100.6352217,14.3518681,10.88 100.6348337,14.3519778,10.88 100.6343465,14.3520296,10.87 100.6337512,14.3519817,10.87 100.6330988,14.3517940,10.86 100.6324872,14.3514639,10.86 100.6320014,14.3510447,10.85 100.6316710,14.3506160,10.85 100.6314784,14.3502484,10.85 100.6313859,14.3499933,10.84 100.6313536,14.3498842,10.84 100.6313518,14.3499390,10.83 100.6313688,14.3501651,10.83 100.6314148,14.3505619,10.82 100.6315216,14.3511191,10.82 100.6317377,14.3518124,10.81 100.6321181,14.3525967,10.81 100.6327107,14.3534035,10.81 100.6335372,14.3541425,10.80 100.6345750,14.3547145,10.80 100.6357506,14.3550377,10.79 100.6369588,14.3550776,10.79 100.6381026,14.3548530,10.78 100.6391168,14.3544128,10.78 100.6399634,14.3538164,10.77 100.6406257,14.3531298,10.77 100.6411073,14.3524202,10.76 100.6414314,14.3517469,10.76 100.6416333,14.3511549,10.76 100.6417504,14.3506744,10.75 100.6418150,14.3503225,10.75 100.6418481,14.3501073,10.74 100.6418568,14.3500293,10.74 100.6418345,14.3500831,10.73 100.6417630,14.3502554,10.73 100.6416168,14.3505235,10.72 100.6413703,14.3508530,10.72 100.6410059,14.3511994,10.72 100.6405269,14.3515086,10.71 100.6399719,14.3517294,10.71 100.6394096,14.3518374,10.70 100.6389013,14.3518422,10.70 100.6384705,14.3517713,10.69 100.6381080,14.3516511,10.69 100.6378009,14.3514974,10.68 100.6375461,14.3513236,10.68 100.6373457,14.3511461,10.67 100.6371987,14.3509820,10.67 100.6371004,14.3508471,10.67 100.6370439,14.3507545,10.66 100.6370214,14.3507150,10.66 100.6370258,14.3507362,10.65 100.6370518,14.3508234,10.65 100.6370967,14.3509795,10.64 100.6371616,14.3512051,10.64 100.6372508,14.3514990,10.63 100.6373723,14.3518576,10.63 100.6375368,14.3522746,10.63 100.6377571,14.3527403,10.62 100.6380465,14.3532413,10.62 100.6384173,14.3537602,10.61 100.6388789,14.3542758,10.61 100.6394356,14.3547638,10.60 100.6400857,14.3551983,10.60 100.6408204,14.3555545,10.59 100.6416253,14.3558104,10.59 100.6424818,14.3559483,10.58 100.6433654,14.3559551,10.58 100.6442438,14.3558246,10.58 100.6450792,14.3555634,10.57 100.6458379,14.3551931,10.57 100.6464971,14.3547442,10.56 100.6470475,14.3542514,10.56 100.6474903,14.3537482,10.55 100.6478351,14.3532649,10.55 100.6480960,14.3528260,10.54 100.6482886,14.3524503,10.54 100.6484272,14.3521502,10.54 100.6485224,14.3519330,10.53 100.6485795,14.3518011,10.53 100.6485991,14.3517527,10.52 100.6485766,14.3517815,10.52 100.6485044,14.3518764,10.51 100.6483739,14.3520218,10.51 100.6481778,14.3521976,10.50 100.6479133,14.3523807,10.50 100.6475836,14.3525468,10.49 100.6471987,14.3526739,10.49 100.6467741,14.3527442,10.49 100.6463301,14.3527464,10.48 100.6458899,14.3526774,10.48 100.6454764,14.3525424,10.47 100.6451084,14.3523540,10.47 100.6447985,14.3521299,10.46 100.6445522,14.3518902,10.46 100.6443689,14.3516553,10.45 100.6442427,14.3514438,10.45 100.6441641,14.3512719,10.45 100.6441219,14.3511523,10.44 100.6441046,14.3510942,10.44 100.6441023,14.3511041,10.43 100.6441075,14.3511860,10.43 100.6441166,14.3513422,10.42 100.6441300,14.3515737,10.42 100.6441523,14.3518800,10.41 100.6441924,14.3522594,10.41 100.6442632,14.3527080,10.40 100.6443803,14.3532189,10.40 100.6445614,14.3537814,10.40 100.6448242,14.3543799,10.39 100.6451842,14.3549941,10.39 100.6456529,14.3555988,10.38 100.6462353,14.3561651,10.38 100.6469279,14.3566627,10.37 100.6477166,14.3570611,10.37 100.6485718,14.3573342,10.36 100.6494510,14.3574673,10.36 100.6503111,14.3574648,10.36 100.6511247,14.3573452,10.35 100.6518813,14.3571271,10.35 100.6525756,14.3568257,10.34 100.6532005,14.3564573,10.34 100.6537491,14.3560412,10.33 100.6542185,14.3555981,10.33 100.6546106,14.3551478,10.32 100.6549312,14.3547084,10.32 100.6551887,14.3542952,10.31 100.6553927,14.3539205,10.31 100.6555525,14.3535936,10.31 100.6556765,14.3533209,10.30 100.6557707,14.3531063,10.30 100.6558391,14.3529513,10.29 100.6558826,14.3528557,10.29 100.6559002,14.3528167,10.28 100.6558884,14.3528297,10.28 100.6558427,14.3528878,10.27 100.6557584,14.3529818,10.27 100.6556313,14.3531006,10.27 100.6554593,14.3532314,10.26 100.6552428,14.3533606,10.26 100.6549844,14.3534755,10.25 100.6546836,14.3535654,10.25 100.6543345,14.3536191,10.24 100.6539343,14.3536208,10.24 100.6534980,14.3535557,10.23 100.6530609,14.3534175,10.23 100.6526625,14.3532153,10.22 100.6523286,14.3529720,10.22 100.6520682,14.3527134,10.22 100.6518797,14.3524644,10.21 100.6517549,14.3522474,10.21 100.6516817,14.3520812,10.20 100.6516462,14.3519797,10.20 100.6516357,14.3519531,10.19 100.6516400,14.3520076,10.19 100.6516533,14.3521469,10.18 100.6516749,14.3523724,10.18 100.6517100,14.3526837,10.18 100.6517692,14.3530781,10.17 100.6518678,14.3535500,10.17 100.6520251,14.3540895,10.16 100.6522617,14.3546813,10.16 100.6525979,14.3553040,10.15 100.6530496,14.3559299,10.15 100.6536260,14.3565258,10.14 100.6543263,14.3570557,10.14 100.6551374,14.3574832,10.13 100.6560322,14.3577768,10.13 100.6569709,14.3579152,10.13 100.6579101,14.3578940,10.12 100.6588123,14.3577230,10.12 100.6596497,14.3574199,10.11 100.6604011,14.3570076,10.11 100.6610513,14.3565135,10.10 100.6615923,14.3559687,10.10 100.6620251,14.3554040,10.09 100.6623581,14.3548475,10.09 100.6626053,14.3543227,10.09 100.6627829,14.3538479,10.08 100.6629078,14.3534365,10.08 100.6629945,14.3530972,10.07 100.6630547,14.3528352,10.07 100.6630952,14.3526527,10.06 100.6631186,14.3525496,10.06 100.6631225,14.3525231,10.05 100.6631007,14.3525682,10.05 100.6630441,14.3526765,10.04 100.6629424,14.3528360,10.04 100.6627859,14.3530312,10.04 100.6625676,14.3532433,10.03 100.6622853,14.3534512,10.03 100.6619433,14.3536333,10.02 100.6615559,14.3537696,10.02 100.6611461,14.3538465,10.01 100.6607727,14.3538618,10.01 100.6605505,14.3538490,10.00 100.6604716,14.3538548,10.00</coordinates></LineString></Placemark>
  <Placemark><name>ขอบที่ราบน้ำท่วมขวา</name>
   <ExtendedData><Data name="floodsim_role"><value>floodplain</value></Data></ExtendedData><Style><LineStyle><color>ff2aa02a</color><width>2</width></LineStyle></Style>
   <LineString><tessellate>1</tessellate><altitudeMode>clampToGround</altitudeMode>
    <coordinates>100.5508115,14.3461219,13.60 100.5515215,14.3462712,13.60 100.5523776,14.3466171,13.59 100.5532871,14.3472166,13.59 100.5540301,14.3479714,13.58 100.5545529,14.3487674,13.58 100.5548835,14.3495272,13.57 100.5550681,14.3501926,13.57 100.5551577,14.3507264,13.56 100.5551952,14.3511087,13.56 100.5552089,14.3513312,13.55 100.5552078,14.3513936,13.55 100.5551818,14.3513022,13.55 100.5551046,14.3510721,13.54 100.5549402,14.3507313,13.54 100.5546529,14.3503236,13.53 100.5542196,14.3499080,13.53 100.5536488,14.3495552,13.52 100.5529966,14.3493273,13.52 100.5523497,14.3492446,13.51 100.5517753,14.3492865,13.51 100.5512923,14.3494164,13.51 100.5508890,14.3496033,13.50 100.5505556,14.3498278,13.50 100.5502923,14.3500691,13.49 100.5500987,14.3503032,13.49 100.5499683,14.3505077,13.48 100.5498902,14.3506638,13.48 100.5498521,14.3507571,13.47 100.5498420,14.3507770,13.47 100.5498505,14.3507169,13.46 100.5498724,14.3505728,13.46 100.5499077,14.3503435,13.46 100.5499617,14.3500296,13.45 100.5500450,14.3496346,13.45 100.5501729,14.3491655,13.44 100.5503638,14.3486333,13.44 100.5506372,14.3480548,13.43 100.5510113,14.3474527,13.43 100.5514996,14.3468555,13.42 100.5521082,14.3462963,13.42 100.5528332,14.3458102,13.42 100.5536633,14.3454294,13.41 100.5545848,14.3451818,13.41 100.5555794,14.3450946,13.40 100.5566098,14.3451967,13.40 100.5576120,14.3454997,13.39 100.5585166,14.3459798,13.39 100.5592751,14.3465881,13.38 100.5598687,14.3472666,13.38 100.5603026,14.3479605,13.37 100.5605975,14.3486225,13.37 100.5607830,14.3492165,13.37 100.5608910,14.3497175,13.36 100.5609502,14.3501107,13.36 100.5609820,14.3503883,13.35 100.5609978,14.3505479,13.35 100.5609988,14.3505908,13.34 100.5609761,14.3505228,13.34 100.5609128,14.3503548,13.33 100.5607874,14.3501051,13.33 100.5605783,14.3498001,13.33 100.5602696,14.3494743,13.32 100.5598577,14.3491690,13.32 100.5593656,14.3489286,13.31 100.5588530,14.3487847,13.31 100.5583939,14.3487336,13.30 100.5580300,14.3487485,13.30 100.5577533,14.3487999,13.29 100.5575313,14.3488698,13.29 100.5573425,14.3489528,13.28 100.5571833,14.3490430,13.28 100.5570562,14.3491321,13.28 100.5569621,14.3492112,13.27 100.5569000,14.3492718,13.27 100.5568681,14.3493063,13.26 100.5568638,14.3493083,13.26 100.5568843,14.3492723,13.25 100.5569275,14.3491947,13.25 100.5569923,14.3490728,13.24 100.5570785,14.3489055,13.24 100.5571877,14.3486929,13.24 100.5573228,14.3484365,13.23 100.5574883,14.3481395,13.23 100.5576894,14.3478065,13.22 100.5579325,14.3474438,13.22 100.5582238,14.3470597,13.21 100.5585690,14.3466643,13.21 100.5589727,14.3462693,13.20 100.5594372,14.3458880,13.20 100.5599624,14.3455342,13.19 100.5605451,14.3452220,13.19 100.5611805,14.3449641,13.19 100.5618770,14.3447685,13.18 100.5626669,14.3446476,13.18 100.5635856,14.3446389,13.17 100.5646130,14.3448159,13.17 100.5656432,14.3452267,13.16 100.5665494,14.3458372,13.16 100.5672565,14.3465610,13.15 100.5677561,14.3473076,13.15 100.5680786,14.3480038,13.15 100.5682687,14.3485966,13.14 100.5683722,14.3490523,13.14 100.5684244,14.3493535,13.13 100.5684441,14.3494943,13.13 100.5684309,14.3494777,13.12 100.5683669,14.3493165,13.12 100.5682220,14.3490356,13.11 100.5679629,14.3486751,13.11 100.5675653,14.3482900,13.10 100.5670213,14.3479436,13.10 100.5663412,14.3476985,13.10 100.5655573,14.3476131,13.09 100.5647350,14.3477278,13.09 100.5639673,14.3480430,13.08 100.5633422,14.3485080,13.08 100.5629036,14.3490349,13.07 100.5626433,14.3495333,13.07 100.5625187,14.3499318,13.06 100.5624748,14.3501831,13.06 100.5624621,14.3502612,13.06 100.5624492,14.3501545,13.05 100.5624296,14.3498586,13.05 100.5624249,14.3493751,13.04 100.5624823,14.3487144,13.04 100.5626679,14.3479046,13.03 100.5630535,14.3470009,13.03 100.5636963,14.3460895,13.02 100.5646125,14.3452853,13.02 100.5657492,14.3447083,13.01 100.5669862,14.3444360,13.01 100.5681900,14.3444641,13.01 100.5692768,14.3447330,13.00 100.5702133,14.3451792,13.00 100.5709870,14.3457452,12.99 100.5715935,14.3463719,12.99 100.5720412,14.3470004,12.98 100.5723532,14.3475802,12.98 100.5725599,14.3480738,12.97 100.5726908,14.3484565,12.97 100.5727686,14.3487148,12.97 100.5728047,14.3488442,12.96 100.5727983,14.3488478,12.96 100.5727380,14.3487368,12.95 100.5726049,14.3485317,12.95 100.5723790,14.3482633,12.94 100.5720458,14.3479715,12.94 100.5716072,14.3477039,12.93 100.5710923,14.3475069,12.93 100.5705570,14.3474071,12.92 100.5700574,14.3474028,12.92 100.5696235,14.3474732,12.92 100.5692581,14.3475934,12.91 100.5689556,14.3477434,12.91 100.5687148,14.3479049,12.90 100.5685369,14.3480574,12.90 100.5684197,14.3481802,12.89 100.5683575,14.3482554,12.89 100.5683435,14.3482690,12.88 100.5683716,14.3482109,12.88 100.5684384,14.3480757,12.88 100.5685449,14.3478618,12.87 100.5686960,14.3475717,12.87 100.5689013,14.3472128,12.86 100.5691730,14.3467970,12.86 100.5695245,14.3463417,12.85 100.5699678,14.3458696,12.85 100.5705105,14.3454082,12.84 100.5711531,14.3449878,12.84 100.5718888,14.3446386,12.83 100.5727049,14.3443873,12.83 100.5735841,14.3442568,12.83 100.5745018,14.3442671,12.82 100.5754213,14.3444310,12.82 100.5762982,14.3447455,12.81 100.5770933,14.3451909,12.81 100.5777800,14.3457383,12.80 100.5783454,14.3463546,12.80 100.5787876,14.3470071,12.79 100.5791134,14.3476651,12.79 100.5793366,14.3483025,12.79 100.5794753,14.3488984,12.78 100.5795496,14.3494377,12.78 100.5795792,14.3499103,12.77 100.5795819,14.3503103,12.77 100.5795719,14.3506345,12.76 100.5795596,14.3508818,12.76 100.5795507,14.3510522,12.75 100.5795464,14.3511465,12.75 100.5795432,14.3511663,12.74 100.5795337,14.3511146,12.74 100.5795073,14.3509961,12.74 100.5794510,14.3508188,12.73 100.5793513,14.3505936,12.73 100.5791959,14.3503357,12.72 100.5789753,14.3500637,12.72 100.5786853,14.3497986,12.71 100.5783276,14.3495627,12.71 100.5779104,14.3493767,12.70 100.5774472,14.3492577,12.70 100.5769561,14.3492185,12.70 100.5764607,14.3492647,12.69 100.5759881,14.3493930,12.69 100.5755642,14.3495901,12.68 100.5752079,14.3498339,12.68 100.5749279,14.3500982,12.67 100.5747238,14.3503561,12.67 100.5745878,14.3505830,12.66 100.5745075,14.3507584,12.66 100.5744683,14.3508665,12.65 100.5744565,14.3508963,12.65 100.5744613,14.3508408,12.65 100.5744767,14.3506961,12.64 100.5745026,14.3504607,12.64 100.5745448,14.3501355,12.63 100.5746155,14.3497238,12.63 100.5747319,14.3492328,12.62 100.5749148,14.3486743,12.62 100.5751863,14.3480665,12.61 100.5755666,14.3474344,12.61 100.5760706,14.3468097,12.61 100.5767045,14.3462292,12.60 100.5774620,14.3457319,12.60 100.5783185,14.3453562,12.59 100.5792274,14.3451304,12.59 100.5801318,14.3450602,12.58 100.5809890,14.3451259,12.58 100.5817834,14.3453013,12.57 100.5825130,14.3455683,12.57 100.5831745,14.3459111,12.56 100.5837605,14.3463108,12.56 100.5842659,14.3467461,12.56 100.5846908,14.3471957,12.55 100.5850401,14.3476401,12.55 100.5853217,14.3480624,12.54 100.5855452,14.3484487,12.54 100.5857203,14.3487885,12.53 100.5858561,14.3490744,12.53 100.5859593,14.3493014,12.52 100.5860345,14.3494676,12.52 100.5860834,14.3495727,12.52 100.5861050,14.3496193,12.51 100.5860964,14.3496117,12.51 100.5860530,14.3495568,12.50 100.5859697,14.3494641,12.50 100.5858423,14.3493449,12.49 100.5856682,14.3492125,12.49 100.5854478,14.3490811,12.48 100.5851822,14.3489638,12.48 100.5848617,14.3488701,12.47 100.5844585,14.3488157,12.47 100.5839491,14.3488342,12.47 100.5833568,14.3489658,12.46 100.5827618,14.3492286,12.46 100.5822555,14.3495926,12.45 100.5818858,14.3499906,12.45 100.5816511,14.3503552,12.44 100.5815239,14.3506342,12.44 100.5814699,14.3507906,12.43 100.5814588,14.3508020,12.43 100.5814729,14.3506572,12.43 100.5815120,14.3503533,12.42 100.5815950,14.3498954,12.42 100.5817574,14.3492990,12.41 100.5820452,14.3485947,12.41 100.5825051,14.3478323,12.40 100.5831708,14.3470815,12.40 100.5840505,14.3464253,12.39 100.5851189,14.3459475,12.39 100.5863175,14.3457177,12.38 100.5875592,14.3457780,12.38 100.5887420,14.3461298,12.38 100.5897724,14.3467288,12.37 100.5905889,14.3474970,12.37 100.5911720,14.3483437,12.36 100.5915394,14.3491849,12.36 100.5917341,14.3499543,12.35 100.5918102,14.3506075,12.35 100.5918199,14.3511192,12.34 100.5918046,14.3514783,12.34 100.5917894,14.3516817,12.34 100.5917806,14.3517303,12.33 100.5917663,14.3516292,12.33 100.5917184,14.3513893,12.32 100.5915984,14.3510327,12.32 100.5913660,14.3505965,12.31 100.5909894,14.3501337,12.31 100.5904625,14.3497128,12.30 100.5898264,14.3494042,12.30 100.5891680,14.3492458,12.29 100.5885744,14.3492253,12.29 100.5880848,14.3493011,12.29 100.5876902,14.3494332,12.28 100.5873698,14.3495973,12.28 100.5871147,14.3497755,12.27 100.5869244,14.3499470,12.27 100.5867962,14.3500902,12.26 100.5867234,14.3501865,12.26 100.5866980,14.3502210,12.25 100.5867123,14.3501830,12.25 100.5867616,14.3500661,12.25 100.5868453,14.3498677,12.24 100.5869675,14.3495893,12.24 100.5871370,14.3492361,12.23 100.5873663,14.3488183,12.23 100.5876703,14.3483510,12.22 100.5880632,14.3478551,12.22 100.5885561,14.3473568,12.21 100.5891542,14.3468864,12.21 100.5898542,14.3464758,12.20 100.5906461,14.3461549,12.20 100.5915172,14.3459492,12.20 100.5924504,14.3458826,12.19 100.5934140,14.3459789,12.19 100.5943566,14.3462477,12.18 100.5952233,14.3466732,12.18 100.5959738,14.3472214,12.17 100.5965882,14.3478511,12.17 100.5970633,14.3485210,12.16 100.5974081,14.3491928,12.16 100.5976405,14.3498343,12.16 100.5977836,14.3504208,12.15 100.5978619,14.3509349,12.15 100.5978984,14.3513658,12.14 100.5979120,14.3517075,12.14 100.5979163,14.3519573,12.13 100.5979181,14.3521146,12.13 100.5979181,14.3521808,12.12 100.5979104,14.3521586,12.12 100.5978838,14.3520537,12.11 100.5978234,14.3518751,12.11 100.5977124,14.3516368,12.11 100.5975350,14.3513579,12.10 100.5972796,14.3510626,12.10 100.5969412,14.3507788,12.09 100.5965250,14.3505355,12.09 100.5960498,14.3503598,12.08 100.5955471,14.3502689,12.08 100.5950511,14.3502663,12.07 100.5945879,14.3503439,12.07 100.5941715,14.3504872,12.07 100.5938099,14.3506802,12.06 100.5935091,14.3509050,12.06 100.5932728,14.3511414,12.05 100.5930993,14.3513688,12.05 100.5929822,14.3515682,12.04 100.5929114,14.3517236,12.04 100.5928755,14.3518227,12.03 100.5928635,14.3518563,12.03 100.5928660,14.3518185,12.02 100.5928771,14.3517055,12.02 100.5928947,14.3515156,12.02 100.5929212,14.3512484,12.01 100.5929637,14.3509052,12.01 100.5930332,14.3504893,12.00 100.5931447,14.3500068,12.00 100.5933152,14.3494676,11.99 100.5935626,14.3488863,11.99 100.5939036,14.3482824,11.98 100.5943510,14.3476806,11.98 100.5949116,14.3471096,11.98 100.5955840,14.3466003,11.97 100.5963564,14.3461836,11.97 100.5972038,14.3458872,11.96 100.5980888,14.3457292,11.96 100.5989707,14.3457116,11.95 100.5998177,14.3458223,11.95 100.6006107,14.3460445,11.94 100.6013366,14.3463607,11.94 100.6019840,14.3467506,11.93 100.6025449,14.3471906,11.93 100.6030168,14.3476561,11.93 100.6034032,14.3481234,11.92 100.6037121,14.3485721,11.92 100.6039543,14.3489850,11.91 100.6041413,14.3493491,11.91 100.6042836,14.3496550,11.90 100.6043898,14.3498966,11.90 100.6044654,14.3500712,11.89 100.6045128,14.3501784,11.89 100.6045309,14.3502206,11.89 100.6045160,14.3502031,11.88 100.6044627,14.3501337,11.88 100.6043650,14.3500235,11.87 100.6042176,14.3498858,11.87 100.6040178,14.3497365,11.86 100.6037664,14.3495921,11.86 100.6034674,14.3494684,11.85 100.6031253,14.3493790,11.85 100.6027452,14.3493368,11.84 100.6023389,14.3493525,11.84 100.6019292,14.3494311,11.84 100.6015465,14.3495668,11.83 100.6012175,14.3497418,11.83 100.6009568,14.3499309,11.82 100.6007677,14.3501079,11.82 100.6006460,14.3502486,11.81 100.6005836,14.3503325,11.81 100.6005713,14.3503440,11.80 100.6006017,14.3502727,11.80 100.6006714,14.3501135,11.80 100.6007826,14.3498657,11.79 100.6009431,14.3495337,11.79 100.6011656,14.3491274,11.78 100.6014661,14.3486626,11.78 100.6018608,14.3481621,11.77 100.6023626,14.3476548,11.77 100.6029779,14.3471749,11.76 100.6037048,14.3467580,11.76 100.6045414,14.3464358,11.75 100.6054920,14.3462410,11.75 100.6065519,14.3462208,11.75 100.6076699,14.3464342,11.74 100.6087395,14.3469030,11.74 100.6096523,14.3475811,11.73 100.6103484,14.3483823,11.73 100.6108229,14.3492178,11.72 100.6111062,14.3500142,11.72 100.6112462,14.3507175,11.71 100.6112947,14.3512939,11.71 100.6112976,14.3517256,11.71 100.6112871,14.3520057,11.70 100.6112786,14.3521331,11.70 100.6112693,14.3521107,11.69 100.6112400,14.3519461,11.69 100.6111582,14.3516553,11.68 100.6109854,14.3512671,11.68 100.6106862,14.3508254,11.67 100.6102398,14.3503886,11.67 100.6096581,14.3500255,11.66 100.6090020,14.3497947,11.66 100.6083616,14.3497110,11.66 100.6078040,14.3497485,11.65 100.6073445,14.3498670,11.65 100.6069669,14.3500340,11.64 100.6066587,14.3502300,11.64 100.6064186,14.3504342,11.63 100.6062462,14.3506225,11.63 100.6061353,14.3507731,11.62 100.6060764,14.3508680,11.62 100.6060594,14.3508934,11.62 100.6060758,14.3508399,11.61 100.6061209,14.3507022,11.61 100.6061948,14.3504786,11.60 100.6063031,14.3501710,11.60 100.6064565,14.3497852,11.59 100.6066696,14.3493315,11.59 100.6069597,14.3488258,11.58 100.6073431,14.3482900,11.58 100.6078330,14.3477515,11.57 100.6084356,14.3472429,11.57 100.6091481,14.3467985,11.57 100.6099593,14.3464506,11.56 100.6108534,14.3462270,11.56 100.6118080,14.3461521,11.55 100.6127862,14.3462471,11.55 100.6137331,14.3465167,11.54 100.6145925,14.3469378,11.54 100.6153255,14.3474682,11.53 100.6159164,14.3480587,11.53 100.6163686,14.3486616,11.53 100.6166979,14.3492356,11.52 100.6169275,14.3497480,11.52 100.6170820,14.3501758,11.51 100.6171830,14.3505044,11.51 100.6172453,14.3507262,11.50 100.6172758,14.3508394,11.50 100.6172724,14.3508474,11.49 100.6172257,14.3507591,11.49 100.6171210,14.3505898,11.48 100.6169428,14.3503619,11.48 100.6166782,14.3501047,11.48 100.6163226,14.3498521,11.47 100.6158852,14.3496404,11.47 100.6153942,14.3495008,11.46 100.6148912,14.3494482,11.46 100.6144133,14.3494804,11.45 100.6139805,14.3495842,11.45 100.6135990,14.3497432,11.44 100.6132726,14.3499421,11.44 100.6130061,14.3501631,11.44 100.6128013,14.3503865,11.43 100.6126549,14.3505930,11.43 100.6125594,14.3507657,11.42 100.6125047,14.3508904,11.42 100.6124803,14.3509566,11.41 100.6124763,14.3509566,11.41 100.6124852,14.3508855,11.40 100.6125031,14.3507404,11.40 100.6125296,14.3505202,11.39 100.6125691,14.3502251,11.39 100.6126297,14.3498574,11.39 100.6127236,14.3494215,11.38 100.6128658,14.3489250,11.38 100.6130730,14.3483793,11.37 100.6133619,14.3478005,11.37 100.6137467,14.3472095,11.36 100.6142375,14.3466317,11.36 100.6148377,14.3460955,11.35 100.6155424,14.3456306,11.35 100.6163360,14.3452658,11.35 100.6171888,14.3450250,11.34 100.6180615,14.3449204,11.34 100.6189169,14.3449472,11.33 100.6197317,14.3450907,11.33 100.6204938,14.3453366,11.32 100.6211934,14.3456704,11.32 100.6218204,14.3460754,11.31 100.6223669,14.3465317,11.31 100.6228303,14.3470186,11.30 100.6232128,14.3475162,11.30 100.6235205,14.3480065,11.30 100.6237626,14.3484742,11.29 100.6239495,14.3489068,11.29 100.6240920,14.3492949,11.28 100.6242001,14.3496316,11.28 100.6242822,14.3499125,11.27 100.6243445,14.3501349,11.27 100.6243906,14.3502978,11.26 100.6244214,14.3504017,11.26 100.6244355,14.3504486,11.26 100.6244293,14.3504420,11.25 100.6243975,14.3503873,11.25 100.6243342,14.3502917,11.24 100.6242334,14.3501647,11.24 100.6240904,14.3500173,11.23 100.6239024,14.3498623,11.23 100.6236697,14.3497130,11.22 100.6233961,14.3495827,11.22 100.6230920,14.3494838,11.21 100.6227768,14.3494249,11.21 100.6224733,14.3494069,11.21 100.6221978,14.3494247,11.20 100.6219543,14.3494706,11.20 100.6217399,14.3495367,11.19 100.6215538,14.3496165,11.19 100.6213984,14.3497026,11.18 100.6212767,14.3497857,11.18 100.6211893,14.3498567,11.17 100.6211357,14.3499068,11.17 100.6211137,14.3499283,11.17 100.6211212,14.3499144,11.16 100.6211558,14.3498602,11.16 100.6212160,14.3497620,11.15 100.6213012,14.3496180,11.15 100.6214124,14.3494277,11.14 100.6215520,14.3491922,11.14 100.6217241,14.3489146,11.13 100.6219337,14.3485994,11.13 100.6221868,14.3482534,11.12 100.6224896,14.3478851,11.12 100.6228475,14.3475053,11.12 100.6232649,14.3471262,11.11 100.6237437,14.3467618,11.11 100.6242833,14.3464267,11.10 100.6248794,14.3461352,11.10 100.6255284,14.3458997,11.09 100.6262359,14.3457299,11.09 100.6270178,14.3456401,11.08 100.6278802,14.3456605,11.08 100.6287894,14.3458293,11.08 100.6296740,14.3461569,11.07 100.6304641,14.3466137,11.07 100.6311207,14.3471488,11.06 100.6316364,14.3477096,11.06 100.6320227,14.3482501,11.05 100.6323002,14.3487327,11.05 100.6324922,14.3491306,11.04 100.6326189,14.3494265,11.04 100.6326939,14.3496120,11.03 100.6327216,14.3496862,11.03 100.6326980,14.3496555,11.03 100.6326119,14.3495340,11.02 100.6324495,14.3493436,11.02 100.6321985,14.3491144,11.01 100.6318542,14.3488819,11.01 100.6314275,14.3486851,11.00 100.6309526,14.3485567,11.00 100.6304781,14.3485095,10.99 100.6300428,14.3485372,10.99 100.6296604,14.3486236,10.99 100.6293274,14.3487524,10.98 100.6290410,14.3489117,10.98 100.6288039,14.3490879,10.97 100.6286184,14.3492653,10.97 100.6284828,14.3494279,10.96 100.6283924,14.3495617,10.96 100.6283401,14.3496545,10.95 100.6283184,14.3496966,10.95 100.6283202,14.3496811,10.94 100.6283401,14.3496030,10.94 100.6283752,14.3494594,10.94 100.6284254,14.3492494,10.93 100.6284943,14.3489735,10.93 100.6285883,14.3486340,10.92 100.6287169,14.3482356,10.92 100.6288919,14.3477855,10.91 100.6291261,14.3472942,10.91 100.6294321,14.3467757,10.90 100.6298209,14.3462477,10.90 100.6303001,14.3457313,10.90 100.6308721,14.3452499,10.89 100.6315333,14.3448276,10.89 100.6322795,14.3444852,10.88 100.6331198,14.3442400,10.88 100.6340752,14.3441199,10.87 100.6351435,14.3441835,10.87 100.6362522,14.3444934,10.86 100.6372747,14.3450515,10.86 100.6381052,14.3457850,10.85 100.6387046,14.3465912,10.85 100.6390908,14.3473774,10.85 100.6393109,14.3480741,10.84 100.6394202,14.3486358,10.84 100.6394675,14.3490375,10.83 100.6394851,14.3492688,10.83 100.6394839,14.3493286,10.82 100.6394529,14.3492241,10.82 100.6393627,14.3489730,10.81 100.6391737,14.3486081,10.81 100.6388477,14.3481803,10.81 100.6383639,14.3477578,10.80 100.6377351,14.3474167,10.80 100.6370149,14.3472191,10.79 100.6362799,14.3471910,10.79 100.6355991,14.3473198,10.78 100.6350152,14.3475686,10.78 100.6345483,14.3478911,10.77 100.6342042,14.3482381,10.77 100.6339760,14.3485602,10.76 100.6338441,14.3488144,10.76 100.6337824,14.3489683,10.76 100.6337663,14.3490008,10.75 100.6337792,14.3489001,10.75 100.6338166,14.3486619,10.74 100.6338881,14.3482878,10.74 100.6340170,14.3477872,10.73 100.6342365,14.3471792,10.73 100.6345846,14.3464962,10.72 100.6350953,14.3457860,10.72 100.6357885,14.3451098,10.72 100.6366566,14.3445392,10.71 100.6376487,14.3441422,10.71 100.6386774,14.3439553,10.70 100.6396589,14.3439623,10.70 100.6405548,14.3441192,10.69 100.6413634,14.3443927,10.69 100.6420888,14.3447614,10.68 100.6427267,14.3452046,10.68 100.6432705,14.3456978,10.67 100.6437194,14.3462152,10.67 100.6440786,14.3467328,10.67 100.6443580,14.3472301,10.66 100.6445700,14.3476899,10.66 100.6447280,14.3480995,10.65 100.6448445,14.3484497,10.65 100.6449301,14.3487345,10.64 100.6449921,14.3489508,10.64 100.6450345,14.3490974,10.63 100.6450578,14.3491755,10.63 100.6450589,14.3491882,10.63 100.6450323,14.3491410,10.62 100.6449706,14.3490421,10.62 100.6448661,14.3489023,10.61 100.6447121,14.3487355,10.61 100.6445044,14.3485575,10.60 100.6442424,14.3483855,10.60 100.6439302,14.3482364,10.59 100.6435746,14.3481250,10.59 100.6431849,14.3480637,10.58 100.6427747,14.3480618,10.58 100.6423643,14.3481229,10.58 100.6419788,14.3482416,10.57 100.6416416,14.3484030,10.57 100.6413675,14.3485851,10.56 100.6411617,14.3487634,10.56 100.6410222,14.3489144,10.55 100.6409423,14.3490176,10.55 100.6409132,14.3490565,10.54 100.6409272,14.3490196,10.54 100.6409791,14.3488999,10.54 100.6410686,14.3486947,10.53 100.6412005,14.3484061,10.53 100.6413847,14.3480405,10.52 100.6416349,14.3476096,10.52 100.6419668,14.3471312,10.51 100.6423950,14.3466291,10.51 100.6429297,14.3461328,10.50 100.6435738,14.3456756,10.50 100.6443201,14.3452918,10.49 100.6451517,14.3450124,10.49 100.6460424,14.3448619,10.49 100.6469597,14.3448559,10.48 100.6478672,14.3449987,10.48 100.6487285,14.3452826,10.47 100.6495131,14.3456890,10.47 100.6501988,14.3461919,10.46 100.6507738,14.3467617,10.46 100.6512352,14.3473679,10.45 100.6515885,14.3479818,10.45 100.6518454,14.3485785,10.45 100.6520218,14.3491380,10.44 100.6521354,14.3496451,10.44 100.6522037,14.3500894,10.43 100.6522424,14.3504642,10.43 100.6522638,14.3507657,10.42 100.6522768,14.3509922,10.42 100.6522857,14.3511435,10.41 100.6522906,14.3512207,10.41 100.6522875,14.3512260,10.40 100.6522689,14.3511637,10.40 100.6522247,14.3510403,10.40 100.6521434,14.3508654,10.39 100.6520137,14.3506519,10.39 100.6518264,14.3504161,10.38 100.6515760,14.3501768,10.38 100.6512621,14.3499544,10.37 100.6508923,14.3497696,10.37 100.6504865,14.3496407,10.36 100.6500754,14.3495764,10.36 100.6496887,14.3495738,10.36 100.6493427,14.3496218,10.35 100.6490394,14.3497075,10.35 100.6487764,14.3498197,10.34 100.6485547,14.3499478,10.34 100.6483772,14.3500791,10.33 100.6482447,14.3502001,10.33 100.6481554,14.3502978,10.32 100.6481053,14.3503608,10.32 100.6480897,14.3503796,10.31 100.6481039,14.3503472,10.31 100.6481444,14.3502586,10.31 100.6482097,14.3501109,10.30 100.6483007,14.3499035,10.30 100.6484208,14.3496376,10.29 100.6485759,14.3493170,10.29 100.6487740,14.3489477,10.28 100.6490245,14.3485386,10.28 100.6493370,14.3481017,10.27 100.6497200,14.3476518,10.27 100.6501798,14.3472067,10.27 100.6507188,14.3467862,10.26 100.6513349,14.3464110,10.26 100.6520214,14.3461004,10.25 100.6527732,14.3458709,10.25 100.6535886,14.3457381,10.24 100.6544621,14.3457233,10.24 100.6553673,14.3458517,10.23 100.6562542,14.3461332,10.23 100.6570698,14.3465520,10.22 100.6577779,14.3470762,10.22 100.6583626,14.3476690,10.22 100.6588223,14.3482939,10.21 100.6591656,14.3489178,10.21 100.6594082,14.3495123,10.20 100.6595700,14.3500558,10.20 100.6596719,14.3505324,10.19 100.6597331,14.3509322,10.19 100.6597694,14.3512490,10.18 100.6597918,14.3514802,10.18 100.6598055,14.3516251,10.18 100.6598105,14.3516851,10.17 100.6598012,14.3516636,10.17 100.6597678,14.3515669,10.16 100.6596975,14.3514045,10.16 100.6595765,14.3511903,10.15 100.6593924,14.3509427,10.15 100.6591370,14.3506840,10.14 100.6588078,14.3504389,10.14 100.6584113,14.3502326,10.13 100.6579646,14.3500874,10.13 100.6574939,14.3500175,10.13 100.6570281,14.3500263,10.12 100.6565901,14.3501075,10.12 100.6561955,14.3502483,10.11 100.6558547,14.3504325,10.11 100.6555752,14.3506411,10.10 100.6553597,14.3508528,10.10 100.6552057,14.3510469,10.09 100.6551062,14.3512045,10.09 100.6550514,14.3513102,10.09 100.6550309,14.3513522,10.08 100.6550357,14.3513225,10.08 100.6550598,14.3512159,10.07 100.6551012,14.3510300,10.07 100.6551623,14.3507645,10.06 100.6552505,14.3504219,10.06 100.6553773,14.3500075,10.05 100.6555576,14.3495303,10.05 100.6558082,14.3490037,10.04 100.6561453,14.3484463,10.04 100.6565827,14.3478818,10.04 100.6571286,14.3473386,10.03 100.6577834,14.3468475,10.03 100.6585375,14.3464399,10.02 100.6593690,14.3461444,10.02 100.6602437,14.3459810,10.01 100.6610904,14.3459537,10.01 100.6617821,14.3460255,10.00 100.6623163,14.3461452,10.00</coordinates></LineString></Placemark>
</Document></kml>
